attempt_index,attempt_id,circuit,source_qasm_sha256,family,qmax,num_qubits,depth,gate_count,acted_point_count,gate_node_denominator,gate_qubit_event_denominator,qubit_denominator,normalized_depth_denominator,two_qubit_density,E_mean,E_peak,certificate_selected_point_count,certificate_selected_gate_count,certificate_selected_qubit_count,certificate_acted_point_coverage,certificate_gate_coverage,certificate_qubit_coverage,certificate_depth_reach,emitted_mid_point_count,emitted_mid_gate_count,emitted_mid_qubit_count,emitted_mid_acted_point_coverage,emitted_mid_gate_coverage,emitted_mid_qubit_coverage,emitted_mid_depth_reach,final_read_point_count,deployed_observable_point_count,deployed_observable_gate_count,deployed_observable_qubit_count,deployed_observable_acted_point_coverage,deployed_observable_gate_coverage,deployed_observable_qubit_coverage,deployed_observable_depth_reach,infeasible_mid_point_count,infeasible_gate_group_count,batch_count,selector_max_a2,selector_max_independent_svd_a2,mean_ent,peak_ent,node_cov,emitted_node_cov,certificate_node_cov,deployed_node_cov
0,canonical:000:ae_indep_qiskit_10.qasm,ae_indep_qiskit_10.qasm,f913d6ce0464879a4c4e8a9e5d0ebcb28780d638ce60abeddcaf48f7b12b8a0b,ae,24,10,53,91,145,91,145,10,53,0.5934065934065934,0.19469268655290758,0.24999999793463826,10,10,10,0.06896551724137931,0.10989010989010989,1.0,0.018867924528301886,10,10,10,0.06896551724137931,0.10989010989010989,1.0,0.018867924528301886,0,10,10,10,0.06896551724137931,0.10989010989010989,1.0,0.018867924528301886,0,0,1,2.1935302264128735e-15,2.1935302264128735e-15,0.19469268655290758,0.24999999793463826,0.10989010989010989,0.10989010989010989,0.10989010989010989,0.10989010989010989
1,canonical:001:ae_indep_qiskit_11.qasm,ae_indep_qiskit_11.qasm,abdd04f5d050f9dd091b757f9336a0bdd4b32d8d86c807ca0202810d88355ef0,ae,24,11,71,151,221,151,221,11,71,0.46357615894039733,0.18265472307376043,0.24999991996088441,22,22,11,0.09954751131221719,0.1456953642384106,1.0,0.028169014084507043,22,22,11,0.09954751131221719,0.1456953642384106,1.0,0.028169014084507043,0,22,22,11,0.09954751131221719,0.1456953642384106,1.0,0.028169014084507043,0,0,1,8.897192016001085e-15,8.897192016001085e-15,0.18265472307376043,0.24999991996088441,0.1456953642384106,0.1456953642384106,0.1456953642384106,0.1456953642384106
2,canonical:002:ae_indep_qiskit_12.qasm,ae_indep_qiskit_12.qasm,4c3296e292b2ad76639bf81aacd133d47bfd7bac7056e7e8d8d99c2a183e017f,ae,24,12,78,171,253,171,253,12,78,0.47953216374269003,0.18087785539257917,0.2499999820304982,24,24,12,0.09486166007905138,0.14035087719298245,1.0,0.02564102564102564,24,24,12,0.09486166007905138,0.14035087719298245,1.0,0.02564102564102564,0,24,24,12,0.09486166007905138,0.14035087719298245,1.0,0.02564102564102564,0,0,1,1.3564708635150358e-14,1.3564708635150358e-14,0.18087785539257917,0.2499999820304982,0.14035087719298245,0.14035087719298245,0.14035087719298245,0.14035087719298245
3,canonical:003:ae_indep_qiskit_13.qasm,ae_indep_qiskit_13.qasm,98f44a4ff1d616a33e4ddf0cd1cee9d13cf4c4e72202269e672e5058e9dcc493,ae,24,13,85,193,289,193,289,13,85,0.49740932642487046,0.19125270178032644,0.2499999999942637,26,26,13,0.08996539792387544,0.13471502590673576,1.0,0.023529411764705882,26,26,13,0.08996539792387544,0.13471502590673576,1.0,0.023529411764705882,0,26,26,13,0.08996539792387544,0.13471502590673576,1.0,0.023529411764705882,0,0,1,4.197953272782662e-14,4.197953272782662e-14,0.19125270178032644,0.2499999999942637,0.13471502590673576,0.13471502590673576,0.13471502590673576,0.13471502590673576
4,canonical:004:ae_indep_qiskit_14.qasm,ae_indep_qiskit_14.qasm,9dad3b6217043edb43500b205792b6174306429ff177e4583fca7d0279c0d5cb,ae,24,14,92,215,325,215,325,14,92,0.5116279069767442,0.1838446186494876,0.24999999999637848,28,28,14,0.08615384615384615,0.13023255813953488,1.0,0.021739130434782608,28,28,14,0.08615384615384615,0.13023255813953488,1.0,0.021739130434782608,0,28,28,14,0.08615384615384615,0.13023255813953488,1.0,0.021739130434782608,0,0,1,5.574239041039608e-14,5.574239041039608e-14,0.1838446186494876,0.24999999999637848,0.13023255813953488,0.13023255813953488,0.13023255813953488,0.13023255813953488
5,canonical:005:ae_indep_qiskit_3.qasm,ae_indep_qiskit_3.qasm,6a21b923302a5b3c54de1eadc1d449eac290c199d4d0e48036535906f88c2990,ae,24,3,11,14,19,14,19,3,11,0.35714285714285715,0.14901052631578937,0.24294399999999985,3,3,3,0.15789473684210525,0.21428571428571427,1.0,0.09090909090909091,3,3,3,0.15789473684210525,0.21428571428571427,1.0,0.09090909090909091,0,3,3,3,0.15789473684210525,0.21428571428571427,1.0,0.09090909090909091,0,0,1,4.299875284949258e-17,4.299875284949258e-17,0.14901052631578937,0.24294399999999985,0.21428571428571427,0.21428571428571427,0.21428571428571427,0.21428571428571427
6,canonical:006:ae_indep_qiskit_4.qasm,ae_indep_qiskit_4.qasm,cc99b7d50c23a9364440d91e33e5e90dc56b186b87906c31412d623c08c47425,ae,24,4,17,22,31,22,31,4,17,0.4090909090909091,0.15673725043642475,0.24835321305878888,4,4,4,0.12903225806451613,0.18181818181818182,1.0,0.058823529411764705,4,4,4,0.12903225806451613,0.18181818181818182,1.0,0.058823529411764705,0,4,4,4,0.12903225806451613,0.18181818181818182,1.0,0.058823529411764705,0,0,1,6.798699777552594e-17,6.798699777552594e-17,0.15673725043642475,0.24835321305878888,0.18181818181818182,0.18181818181818182,0.18181818181818182,0.18181818181818182
7,canonical:007:ae_indep_qiskit_5.qasm,ae_indep_qiskit_5.qasm,8e44edfcbb14c1bb6963903df5e824e72784be18fb64efe796cdb706248f20a7,ae,24,5,23,31,45,31,45,5,23,0.45161290322580644,0.17600433770213486,0.24996302705844792,5,5,5,0.1111111111111111,0.16129032258064516,1.0,0.043478260869565216,5,5,5,0.1111111111111111,0.16129032258064516,1.0,0.043478260869565216,0,5,5,5,0.1111111111111111,0.16129032258064516,1.0,0.043478260869565216,0,0,1,1.6302709355362944e-16,1.6302709355362944e-16,0.17600433770213486,0.24996302705844792,0.16129032258064516,0.16129032258064516,0.16129032258064516,0.16129032258064516
8,canonical:008:ae_indep_qiskit_6.qasm,ae_indep_qiskit_6.qasm,41b25deb15a8439757791ec372290f83c4db13253abba7dc3e072c64b93fb398,ae,24,6,29,41,61,41,61,6,29,0.4878048780487805,0.18280483646497966,0.24971007291171454,6,6,6,0.09836065573770492,0.14634146341463414,1.0,0.034482758620689655,6,6,6,0.09836065573770492,0.14634146341463414,1.0,0.034482758620689655,0,6,6,6,0.09836065573770492,0.14634146341463414,1.0,0.034482758620689655,0,0,1,1.6302709355362944e-16,1.6302709355362944e-16,0.18280483646497966,0.24971007291171454,0.14634146341463414,0.14634146341463414,0.14634146341463414,0.14634146341463414
9,canonical:009:ae_indep_qiskit_7.qasm,ae_indep_qiskit_7.qasm,2cc92c1d71f66e59e955c867d089890806615e261d1af43b6b202500bb1c521f,ae,24,7,35,52,79,52,79,7,35,0.5192307692307693,0.19618683089184596,0.24998919112708037,7,7,7,0.08860759493670886,0.1346153846153846,1.0,0.02857142857142857,7,7,7,0.08860759493670886,0.1346153846153846,1.0,0.02857142857142857,0,7,7,7,0.08860759493670886,0.1346153846153846,1.0,0.02857142857142857,0,0,1,4.1273296885643983e-16,4.1273296885643983e-16,0.19618683089184596,0.24998919112708037,0.1346153846153846,0.1346153846153846,0.1346153846153846,0.1346153846153846
10,canonical:010:ae_indep_qiskit_8.qasm,ae_indep_qiskit_8.qasm,22918438bfb534e2b8e98047e7619cf3e2cec2c8e7c38f4049175b84ccab585f,ae,24,8,41,64,99,64,99,8,41,0.546875,0.18309396206291192,0.24999877493047912,8,8,8,0.08080808080808081,0.125,1.0,0.024390243902439025,8,8,8,0.08080808080808081,0.125,1.0,0.024390243902439025,0,8,8,8,0.08080808080808081,0.125,1.0,0.024390243902439025,0,0,1,6.994184769323423e-16,6.994184769323423e-16,0.18309396206291192,0.24999877493047912,0.125,0.125,0.125,0.125
11,canonical:011:ae_indep_qiskit_9.qasm,ae_indep_qiskit_9.qasm,29884557f08a1d0a0776858799574a1f45733fafe3e33a1991fed1f77591128e,ae,24,9,47,77,121,77,121,9,47,0.5714285714285714,0.17982008478884967,0.24999877493047912,9,9,9,0.0743801652892562,0.11688311688311688,1.0,0.02127659574468085,9,9,9,0.0743801652892562,0.11688311688311688,1.0,0.02127659574468085,0,9,9,9,0.0743801652892562,0.11688311688311688,1.0,0.02127659574468085,0,0,1,1.1730014921213226e-15,1.1730014921213226e-15,0.17982008478884967,0.24999877493047912,0.11688311688311688,0.11688311688311688,0.11688311688311688,0.11688311688311688
12,canonical:012:bmw_quark_cardinality_indep_qiskit_10.qasm,bmw_quark_cardinality_indep_qiskit_10.qasm,9a7f21723c5a58c4f48c552cfdd9aac99a79d191568a6854077a6bf222f40016,bmw_quark_cardinality,24,10,16,57,84,57,84,10,16,0.47368421052631576,0.10735389333742915,0.24598795685581573,10,10,10,0.11904761904761904,0.17543859649122806,1.0,0.0625,10,10,10,0.11904761904761904,0.17543859649122806,1.0,0.0625,0,10,10,10,0.11904761904761904,0.17543859649122806,1.0,0.0625,0,0,1,2.8636441528400203e-16,2.8636441528400203e-16,0.10735389333742915,0.24598795685581573,0.17543859649122806,0.17543859649122806,0.17543859649122806,0.17543859649122806
13,canonical:013:bmw_quark_cardinality_indep_qiskit_11.qasm,bmw_quark_cardinality_indep_qiskit_11.qasm,dfd7a008591d68338ec75a0c69300530925e497c7bc4eb2105db8f61c45a549c,bmw_quark_cardinality,24,11,17,63,93,63,93,11,17,0.47619047619047616,0.10169803687480315,0.23442899630739827,11,11,11,0.11827956989247312,0.1746031746031746,1.0,0.058823529411764705,11,11,11,0.11827956989247312,0.1746031746031746,1.0,0.058823529411764705,0,11,11,11,0.11827956989247312,0.1746031746031746,1.0,0.058823529411764705,0,0,1,5.692055028799692e-16,5.692055028799692e-16,0.10169803687480315,0.23442899630739827,0.1746031746031746,0.1746031746031746,0.1746031746031746,0.1746031746031746
14,canonical:014:bmw_quark_cardinality_indep_qiskit_12.qasm,bmw_quark_cardinality_indep_qiskit_12.qasm,2056ad3e8ba739c5589aeee021ed4d8b9c894f1d46e02f3647e9853fbaae9e90,bmw_quark_cardinality,24,12,18,69,102,69,102,12,18,0.4782608695652174,0.09291071866490377,0.22279739321446826,12,12,12,0.11764705882352941,0.17391304347826086,1.0,0.05555555555555555,12,12,12,0.11764705882352941,0.17391304347826086,1.0,0.05555555555555555,0,12,12,12,0.11764705882352941,0.17391304347826086,1.0,0.05555555555555555,0,0,1,5.692055028799692e-16,5.692055028799692e-16,0.09291071866490377,0.22279739321446826,0.17391304347826086,0.17391304347826086,0.17391304347826086,0.17391304347826086
15,canonical:015:bmw_quark_cardinality_indep_qiskit_13.qasm,bmw_quark_cardinality_indep_qiskit_13.qasm,4ca0ed48ef0dc2b78bdeee110eed49bec87d1edab930f05d90ed1bf788d6207a,bmw_quark_cardinality,24,13,19,75,111,75,111,13,19,0.48,0.1080273765633425,0.24075216713614095,13,13,13,0.11711711711711711,0.17333333333333334,1.0,0.05263157894736842,13,13,13,0.11711711711711711,0.17333333333333334,1.0,0.05263157894736842,0,13,13,13,0.11711711711711711,0.17333333333333334,1.0,0.05263157894736842,0,0,1,5.692055028799692e-16,5.692055028799692e-16,0.1080273765633425,0.24075216713614095,0.17333333333333334,0.17333333333333334,0.17333333333333334,0.17333333333333334
16,canonical:016:bmw_quark_cardinality_indep_qiskit_14.qasm,bmw_quark_cardinality_indep_qiskit_14.qasm,1b0cb7c81507e2c923d671cead492cd3ed996ea353b081203dbc7e7b721d40fe,bmw_quark_cardinality,24,14,20,81,120,81,120,14,20,0.48148148148148145,0.10663441164019476,0.21957238516286767,14,14,14,0.11666666666666667,0.1728395061728395,1.0,0.05,14,14,14,0.11666666666666667,0.1728395061728395,1.0,0.05,0,14,14,14,0.11666666666666667,0.1728395061728395,1.0,0.05,0,0,1,5.692055028799692e-16,5.692055028799692e-16,0.10663441164019476,0.21957238516286767,0.1728395061728395,0.1728395061728395,0.1728395061728395,0.1728395061728395
17,canonical:017:bmw_quark_cardinality_indep_qiskit_2.qasm,bmw_quark_cardinality_indep_qiskit_2.qasm,e2ff0bb003a82ab2bba90fcdb2d6b999f5002fb782cd109ccb3488dc0ffe5742,bmw_quark_cardinality,24,2,6,9,12,9,12,2,6,0.3333333333333333,0.015341239290509616,0.0871929843945747,2,2,2,0.16666666666666666,0.2222222222222222,1.0,0.16666666666666666,2,2,2,0.16666666666666666,0.2222222222222222,1.0,0.16666666666666666,0,2,2,2,0.16666666666666666,0.2222222222222222,1.0,0.16666666666666666,0,0,1,6.872711883960974e-18,6.872711883960974e-18,0.015341239290509616,0.0871929843945747,0.2222222222222222,0.2222222222222222,0.2222222222222222,0.2222222222222222
18,canonical:018:bmw_quark_cardinality_indep_qiskit_3.qasm,bmw_quark_cardinality_indep_qiskit_3.qasm,234aaf57cc1a0252012dbfda62dadc44200d6bfe7248c4db0017948665633058,bmw_quark_cardinality,24,3,9,15,21,15,21,3,9,0.4,0.089037313958058,0.12496903965074904,3,3,3,0.14285714285714285,0.2,1.0,0.1111111111111111,3,3,3,0.14285714285714285,0.2,1.0,0.1111111111111111,0,3,3,3,0.14285714285714285,0.2,1.0,0.1111111111111111,0,0,1,1.8832216575967838e-17,1.8832216575967838e-17,0.089037313958058,0.12496903965074904,0.2,0.2,0.2,0.2
19,canonical:019:bmw_quark_cardinality_indep_qiskit_4.qasm,bmw_quark_cardinality_indep_qiskit_4.qasm,7fe9cb62ea8602efaa39e91e92e0a8e78240a5f4c16ac031d36ada66b13c8223,bmw_quark_cardinality,24,4,10,21,30,21,30,4,10,0.42857142857142855,0.06353128465916397,0.17024655665141028,4,4,4,0.13333333333333333,0.19047619047619047,1.0,0.1,4,4,4,0.13333333333333333,0.19047619047619047,1.0,0.1,0,4,4,4,0.13333333333333333,0.19047619047619047,1.0,0.1,0,0,1,9.746805526959145e-17,9.746805526959145e-17,0.06353128465916397,0.17024655665141028,0.19047619047619047,0.19047619047619047,0.19047619047619047,0.19047619047619047
20,canonical:020:bmw_quark_cardinality_indep_qiskit_5.qasm,bmw_quark_cardinality_indep_qiskit_5.qasm,0798f7ac67ba9efdf612a9e677be543adc6231b7527f9a07446290b13777daf9,bmw_quark_cardinality,24,5,11,27,39,27,39,5,11,0.4444444444444444,0.12020415517369262,0.22325084601523862,5,5,5,0.1282051282051282,0.18518518518518517,1.0,0.09090909090909091,5,5,5,0.1282051282051282,0.18518518518518517,1.0,0.09090909090909091,0,5,5,5,0.1282051282051282,0.18518518518518517,1.0,0.09090909090909091,0,0,1,9.746805526959145e-17,9.746805526959145e-17,0.12020415517369262,0.22325084601523862,0.18518518518518517,0.18518518518518517,0.18518518518518517,0.18518518518518517
21,canonical:021:bmw_quark_cardinality_indep_qiskit_6.qasm,bmw_quark_cardinality_indep_qiskit_6.qasm,d38658be31516116a3b83447ea10802a2306d74f4d309da10dbd62d5b2938328,bmw_quark_cardinality,24,6,12,33,48,33,48,6,12,0.45454545454545453,0.11733862954150241,0.24745321092520162,6,6,6,0.125,0.18181818181818182,1.0,0.08333333333333333,6,6,6,0.125,0.18181818181818182,1.0,0.08333333333333333,0,6,6,6,0.125,0.18181818181818182,1.0,0.08333333333333333,0,0,1,9.746805526959145e-17,9.746805526959145e-17,0.11733862954150241,0.24745321092520162,0.18181818181818182,0.18181818181818182,0.18181818181818182,0.18181818181818182
22,canonical:022:bmw_quark_cardinality_indep_qiskit_7.qasm,bmw_quark_cardinality_indep_qiskit_7.qasm,9458d94b79a1b2c759f59ab7fc496a1303d40a08e08e4e459e7a07b36332e613,bmw_quark_cardinality,24,7,13,39,57,39,57,7,13,0.46153846153846156,0.09402467891501218,0.21075756048326885,7,7,7,0.12280701754385964,0.1794871794871795,1.0,0.07692307692307693,7,7,7,0.12280701754385964,0.1794871794871795,1.0,0.07692307692307693,0,7,7,7,0.12280701754385964,0.1794871794871795,1.0,0.07692307692307693,0,0,1,9.956001004479803e-17,9.956001004479803e-17,0.09402467891501218,0.21075756048326885,0.1794871794871795,0.1794871794871795,0.1794871794871795,0.1794871794871795
23,canonical:023:bmw_quark_cardinality_indep_qiskit_8.qasm,bmw_quark_cardinality_indep_qiskit_8.qasm,7c6034071aab0f36df15fe34ec6f10e226dfe37260b09982661038898b64c26e,bmw_quark_cardinality,24,8,14,45,66,45,66,8,14,0.4666666666666667,0.13211285150145158,0.24048860103183117,8,8,8,0.12121212121212122,0.17777777777777778,1.0,0.07142857142857142,8,8,8,0.12121212121212122,0.17777777777777778,1.0,0.07142857142857142,0,8,8,8,0.12121212121212122,0.17777777777777778,1.0,0.07142857142857142,0,0,1,9.956001004479803e-17,9.956001004479803e-17,0.13211285150145158,0.24048860103183117,0.17777777777777778,0.17777777777777778,0.17777777777777778,0.17777777777777778
24,canonical:024:bmw_quark_cardinality_indep_qiskit_9.qasm,bmw_quark_cardinality_indep_qiskit_9.qasm,ee8c5404c957ad2bd4b5863ffb84cbe67901fb9851972ebcc8d500a2a451a775,bmw_quark_cardinality,24,9,15,51,75,51,75,9,15,0.47058823529411764,0.09536096069794311,0.2416117940182236,9,9,9,0.12,0.17647058823529413,1.0,0.06666666666666667,9,9,9,0.12,0.17647058823529413,1.0,0.06666666666666667,0,9,9,9,0.12,0.17647058823529413,1.0,0.06666666666666667,0,0,1,9.956001004479803e-17,9.956001004479803e-17,0.09536096069794311,0.2416117940182236,0.17647058823529413,0.17647058823529413,0.17647058823529413,0.17647058823529413
25,canonical:025:bmw_quark_copula_indep_qiskit_10.qasm,bmw_quark_copula_indep_qiskit_10.qasm,3ad2406c5f83a8bb238c303b989edc7b17a13ebd98e0716f25a559beee559e06,bmw_quark_copula,24,10,16,70,115,70,115,10,16,0.6428571428571429,0.2391304347826085,0.2500000000000001,5,5,5,0.043478260869565216,0.07142857142857142,0.5,0.0625,5,5,5,0.043478260869565216,0.07142857142857142,0.5,0.0625,0,5,5,5,0.043478260869565216,0.07142857142857142,0.5,0.0625,0,0,1,1.5202354861220297e-16,1.5202354861220297e-16,0.2391304347826085,0.2500000000000001,0.07142857142857142,0.07142857142857142,0.07142857142857142,0.07142857142857142
26,canonical:026:bmw_quark_copula_indep_qiskit_12.qasm,bmw_quark_copula_indep_qiskit_12.qasm,d944ef423cdc507f3dcecfa840e80df9418254acc06cb5d59c5d41e9fd3f25aa,bmw_quark_copula,24,12,19,96,162,96,162,12,19,0.6875,0.24074074074074062,0.25000000000000017,6,6,6,0.037037037037037035,0.0625,0.5,0.05263157894736842,6,6,6,0.037037037037037035,0.0625,0.5,0.05263157894736842,0,6,6,6,0.037037037037037035,0.0625,0.5,0.05263157894736842,0,0,1,4.370952418903844e-16,4.370952418903844e-16,0.24074074074074062,0.25000000000000017,0.0625,0.0625,0.0625,0.0625
27,canonical:027:bmw_quark_copula_indep_qiskit_14.qasm,bmw_quark_copula_indep_qiskit_14.qasm,d6792cf2a6523eb007eed3af2f76b80ce73c98eb113894499d337990281aea16,bmw_quark_copula,24,14,22,126,217,126,217,14,22,0.7222222222222222,0.24193548387096728,0.24999999999999994,7,7,7,0.03225806451612903,0.05555555555555555,0.5,0.045454545454545456,7,7,7,0.03225806451612903,0.05555555555555555,0.5,0.045454545454545456,0,7,7,7,0.03225806451612903,0.05555555555555555,0.5,0.045454545454545456,0,0,1,4.370952418903844e-16,4.370952418903844e-16,0.24193548387096728,0.24999999999999994,0.05555555555555555,0.05555555555555555,0.05555555555555555,0.05555555555555555
28,canonical:028:bmw_quark_copula_indep_qiskit_2.qasm,bmw_quark_copula_indep_qiskit_2.qasm,fbe56f1aba824e8dede281a0be30e52c4ccb99e36c62f051d934fd3aa823807c,bmw_quark_copula,24,2,4,6,7,6,7,2,4,0.16666666666666666,0.21428571428571425,0.25000000000000017,1,1,1,0.14285714285714285,0.16666666666666666,0.5,0.25,1,1,1,0.14285714285714285,0.16666666666666666,0.5,0.25,0,1,1,1,0.14285714285714285,0.16666666666666666,0.5,0.25,0,0,1,0.0,0.0,0.21428571428571425,0.25000000000000017,0.16666666666666666,0.16666666666666666,0.16666666666666666,0.16666666666666666
29,canonical:029:bmw_quark_copula_indep_qiskit_4.qasm,bmw_quark_copula_indep_qiskit_4.qasm,6150d8c7382d29a1162ec8113e278ef3c14a72cff4d135d15fadfd2dbd705cc8,bmw_quark_copula,24,4,6,16,22,16,22,4,6,0.375,0.22727272727272724,0.2500000000000002,2,2,2,0.09090909090909091,0.125,0.5,0.16666666666666666,2,2,2,0.09090909090909091,0.125,0.5,0.16666666666666666,0,2,2,2,0.09090909090909091,0.125,0.5,0.16666666666666666,0,0,1,3.925231146709437e-17,3.925231146709437e-17,0.22727272727272724,0.2500000000000002,0.125,0.125,0.125,0.125
30,canonical:030:bmw_quark_copula_indep_qiskit_6.qasm,bmw_quark_copula_indep_qiskit_6.qasm,7245d0d8054f1e194517b8ddaf99eb6f7aa4897fe19ba454e529547b4bccbe2e,bmw_quark_copula,24,6,10,30,45,30,45,6,10,0.5,0.23333333333333317,0.2500000000000001,3,3,3,0.06666666666666667,0.1,0.5,0.1,3,3,3,0.06666666666666667,0.1,0.5,0.1,0,3,3,3,0.06666666666666667,0.1,0.5,0.1,0,0,1,1.3597399555105177e-16,1.3597399555105177e-16,0.23333333333333317,0.2500000000000001,0.1,0.1,0.1,0.1
31,canonical:031:bmw_quark_copula_indep_qiskit_8.qasm,bmw_quark_copula_indep_qiskit_8.qasm,df31120b367e58cd61bee68f3fffdb2ee8590d54a914cc3f4aae778475913a25,bmw_quark_copula,24,8,13,48,76,48,76,8,13,0.5833333333333334,0.2368421052631578,0.2500000000000002,4,4,4,0.05263157894736842,0.08333333333333333,0.5,0.07692307692307693,4,4,4,0.05263157894736842,0.08333333333333333,0.5,0.07692307692307693,0,4,4,4,0.05263157894736842,0.08333333333333333,0.5,0.07692307692307693,0,0,1,1.3597399555105177e-16,1.3597399555105177e-16,0.2368421052631578,0.2500000000000002,0.08333333333333333,0.08333333333333333,0.08333333333333333,0.08333333333333333
32,canonical:032:bv_indep_qiskit_10.qasm,bv_indep_qiskit_10.qasm,07830ab48ffb257f7abba3b6d5cf2dc455554a8e264b6144548d57c73df3bce8,bv,24,10,6,13,17,13,17,10,6,0.3076923076923077,1.0505398816932663e-103,8.929588994392763e-103,17,13,5,1.0,1.0,0.5,1.0,13,9,5,0.7647058823529411,0.6923076923076923,0.5,0.8333333333333334,4,17,13,5,1.0,1.0,0.5,1.0,0,0,1,9.449650255111441e-52,9.449650255111441e-52,1.0505398816932663e-103,8.929588994392763e-103,1.0,0.6923076923076923,1.0,1.0
33,canonical:033:bv_indep_qiskit_11.qasm,bv_indep_qiskit_11.qasm,6957e533ee3f1d52474f89d70cb9f27206ad39a70f1cfcb12b00404ae2bd25df,bv,24,11,7,16,21,16,21,11,7,0.3125,2.1856232110085148e-101,2.285974782564548e-100,21,16,6,1.0,1.0,0.5454545454545454,1.0,16,11,6,0.7619047619047619,0.6875,0.5454545454545454,0.8571428571428571,5,21,16,6,1.0,1.0,0.5454545454545454,1.0,0,0,1,1.511944040817831e-50,1.511944040817831e-50,2.1856232110085148e-101,2.285974782564548e-100,1.0,0.6875,1.0,1.0
34,canonical:034:bv_indep_qiskit_12.qasm,bv_indep_qiskit_12.qasm,07e3a8ef7f828bba4c8ecceb0d6063f23ef2bbd58f042144325d8d8cfd33ea94,bv,24,12,7,16,21,16,21,12,7,0.3125,2.1856232110085148e-101,2.285974782564548e-100,21,16,6,1.0,1.0,0.5,1.0,16,11,6,0.7619047619047619,0.6875,0.5,0.8571428571428571,5,21,16,6,1.0,1.0,0.5,1.0,0,0,1,1.511944040817831e-50,1.511944040817831e-50,2.1856232110085148e-101,2.285974782564548e-100,1.0,0.6875,1.0,1.0
35,canonical:035:bv_indep_qiskit_13.qasm,bv_indep_qiskit_13.qasm,a350038747a8db1d803e33689be3e96bf7752dedc51d1e585bb4b361b6b3e506,bv,24,13,8,19,25,19,25,13,8,0.3157894736842105,2.3738919364399464e-68,2.967364920549933e-67,25,19,7,1.0,1.0,0.5384615384615384,1.0,19,13,7,0.76,0.6842105263157895,0.5384615384615384,0.875,6,25,19,7,1.0,1.0,0.5384615384615384,1.0,0,0,2,5.44735249506578e-34,5.44735249506578e-34,2.3738919364399464e-68,2.967364920549933e-67,1.0,0.6842105263157895,1.0,1.0
36,canonical:036:bv_indep_qiskit_14.qasm,bv_indep_qiskit_14.qasm,44d5f6f8f07a46b7d1682643bf9216597e323f7edccb02b563a6020fb526a70d,bv,24,14,8,19,25,19,25,14,8,0.3157894736842105,2.3738919364399464e-68,2.967364920549933e-67,25,19,7,1.0,1.0,0.5,1.0,19,13,7,0.76,0.6842105263157895,0.5,0.875,6,25,19,7,1.0,1.0,0.5,1.0,0,0,2,5.44735249506578e-34,5.44735249506578e-34,2.3738919364399464e-68,2.967364920549933e-67,1.0,0.6842105263157895,1.0,1.0
37,canonical:037:bv_indep_qiskit_3.qasm,bv_indep_qiskit_3.qasm,13875d6e188d40ce987f660b2dbcdc15f3ffb63d22db6f23ef79fca6891737fe,bv,24,3,3,4,5,4,5,3,3,0.25,0.0,0.0,5,4,2,1.0,1.0,0.6666666666666666,1.0,4,3,2,0.8,0.75,0.6666666666666666,0.6666666666666666,1,5,4,2,1.0,1.0,0.6666666666666666,1.0,0,0,1,0.0,0.0,0.0,0.0,1.0,0.75,1.0,1.0
38,canonical:038:bv_indep_qiskit_4.qasm,bv_indep_qiskit_4.qasm,4f147ea5fc6a8508923e660fb594805beb30617a5dde575e57a64b9069e13c18,bv,24,4,3,4,5,4,5,4,3,0.25,0.0,0.0,5,4,2,1.0,1.0,0.5,1.0,4,3,2,0.8,0.75,0.5,0.6666666666666666,1,5,4,2,1.0,1.0,0.5,1.0,0,0,1,0.0,0.0,0.0,0.0,1.0,0.75,1.0,1.0
39,canonical:039:bv_indep_qiskit_5.qasm,bv_indep_qiskit_5.qasm,62e4e901237a234ccdd9b89766d5aa22daa45b22f01f66762047ede2544a1fa7,bv,24,5,4,7,9,7,9,5,4,0.2857142857142857,0.0,0.0,9,7,3,1.0,1.0,0.6,1.0,7,5,3,0.7777777777777778,0.7142857142857143,0.6,0.75,2,9,7,3,1.0,1.0,0.6,1.0,0,0,1,0.0,0.0,0.0,0.0,1.0,0.7142857142857143,1.0,1.0
40,canonical:040:bv_indep_qiskit_6.qasm,bv_indep_qiskit_6.qasm,f3b382de4df0a332e7f652cf0a1cd15377bb416d0d2605e3e7c8ff03fe2c8e0a,bv,24,6,4,7,9,7,9,6,4,0.2857142857142857,0.0,0.0,9,7,3,1.0,1.0,0.5,1.0,7,5,3,0.7777777777777778,0.7142857142857143,0.5,0.75,2,9,7,3,1.0,1.0,0.5,1.0,0,0,1,0.0,0.0,0.0,0.0,1.0,0.7142857142857143,1.0,1.0
41,canonical:041:bv_indep_qiskit_7.qasm,bv_indep_qiskit_7.qasm,5ee88d53b1b4d1561d08267a0d58dd5340661657e1d6a346970ebb1df5d4c002,bv,24,7,5,10,13,10,13,7,5,0.3,0.0,0.0,13,10,4,1.0,1.0,0.5714285714285714,1.0,10,7,4,0.7692307692307693,0.7,0.5714285714285714,0.8,3,13,10,4,1.0,1.0,0.5714285714285714,1.0,0,0,1,0.0,0.0,0.0,0.0,1.0,0.7,1.0,1.0
42,canonical:042:bv_indep_qiskit_8.qasm,bv_indep_qiskit_8.qasm,a501164dede3eaad942b42f379065e4843a120b87fc2fee0ce44211d8a56fc07,bv,24,8,5,10,13,10,13,8,5,0.3,0.0,0.0,13,10,4,1.0,1.0,0.5,1.0,10,7,4,0.7692307692307693,0.7,0.5,0.8,3,13,10,4,1.0,1.0,0.5,1.0,0,0,1,0.0,0.0,0.0,0.0,1.0,0.7,1.0,1.0
43,canonical:043:bv_indep_qiskit_9.qasm,bv_indep_qiskit_9.qasm,38a0344fab284b6a9fcb44e010c0257e5552f607a3535b64daa740a495f017e6,bv,24,9,6,13,17,13,17,9,6,0.3076923076923077,1.0505398816932663e-103,8.929588994392763e-103,17,13,5,1.0,1.0,0.5555555555555556,1.0,13,9,5,0.7647058823529411,0.6923076923076923,0.5555555555555556,0.8333333333333334,4,17,13,5,1.0,1.0,0.5555555555555556,1.0,0,0,1,9.449650255111441e-52,9.449650255111441e-52,1.0505398816932663e-103,8.929588994392763e-103,1.0,0.6923076923076923,1.0,1.0
44,canonical:044:cdkm_ripple_carry_adder_indep_qiskit_10.qasm,cdkm_ripple_carry_adder_indep_qiskit_10.qasm,ebfa7cc57843dca1ffb010725468007b30db7970bbd91283ba9b72cfbc76a34e,cdkm_ripple_carry_adder,24,10,98,137,202,137,202,10,98,0.4744525547445255,3.5998238552604797e-32,1.992973877778396e-31,202,137,10,1.0,1.0,1.0,1.0,192,136,9,0.9504950495049505,0.9927007299270073,0.9,0.9897959183673469,10,202,137,10,1.0,1.0,1.0,1.0,0,0,81,4.464273600238236e-16,4.464273600238236e-16,3.5998238552604797e-32,1.992973877778396e-31,1.0,0.9927007299270073,1.0,1.0
45,canonical:045:cdkm_ripple_carry_adder_indep_qiskit_12.qasm,cdkm_ripple_carry_adder_indep_qiskit_12.qasm,7cc5630a7c9857c6ad31624a60d7ec507dde6af32c3e7ae8ac6b91b0a830d008,cdkm_ripple_carry_adder,24,12,122,171,252,171,252,12,122,0.47368421052631576,4.282778196641376e-32,2.5359797902706847e-31,252,171,12,1.0,1.0,1.0,1.0,240,170,11,0.9523809523809523,0.9941520467836257,0.9166666666666666,0.9918032786885246,12,252,171,12,1.0,1.0,1.0,1.0,0,0,122,5.035851258993558e-16,5.035851258993558e-16,4.282778196641376e-32,2.5359797902706847e-31,1.0,0.9941520467836257,1.0,1.0
46,canonical:046:cdkm_ripple_carry_adder_indep_qiskit_14.qasm,cdkm_ripple_carry_adder_indep_qiskit_14.qasm,1162524638121190d83cee7b90d76bcebac783cfed58db4e6037b92ec88fa7db,cdkm_ripple_carry_adder,24,14,146,205,302,205,302,14,146,0.47317073170731705,4.973772937944581e-32,2.9607480488786963e-31,302,205,14,1.0,1.0,1.0,1.0,127,86,13,0.4205298013245033,0.4195121951219512,0.9285714285714286,0.3904109589041096,14,141,99,14,0.46688741721854304,0.48292682926829267,1.0,1.0,161,118,45,5.441275630657501e-16,5.441275630657501e-16,4.973772937944581e-32,2.9607480488786963e-31,0.48292682926829267,0.4195121951219512,1.0,0.48292682926829267
47,canonical:047:cdkm_ripple_carry_adder_indep_qiskit_4.qasm,cdkm_ripple_carry_adder_indep_qiskit_4.qasm,820dbce287b036ac5fb7f66558ec41fcb43699bb38d7a4de843a3eb60feadfe0,cdkm_ripple_carry_adder,24,4,26,35,52,35,52,4,26,0.4857142857142857,8.08731400553419e-33,5.07528259778998e-32,52,35,4,1.0,1.0,1.0,1.0,48,34,3,0.9230769230769231,0.9714285714285714,0.75,0.9615384615384616,4,52,35,4,1.0,1.0,1.0,1.0,0,0,4,2.252838786462535e-16,2.252838786462535e-16,8.08731400553419e-33,5.07528259778998e-32,1.0,0.9714285714285714,1.0,1.0
48,canonical:048:cdkm_ripple_carry_adder_indep_qiskit_6.qasm,cdkm_ripple_carry_adder_indep_qiskit_6.qasm,18946b4969f56e341d9709a37f57303727561b826f3de42b59dcc3938c4e7c35,cdkm_ripple_carry_adder,24,6,50,69,102,69,102,6,50,0.4782608695652174,2.0939650334736303e-32,1.0613533034580837e-31,102,69,6,1.0,1.0,1.0,1.0,96,68,5,0.9411764705882353,0.9855072463768116,0.8333333333333334,0.98,6,102,69,6,1.0,1.0,1.0,1.0,0,0,14,3.257841775559529e-16,3.257841775559529e-16,2.0939650334736303e-32,1.0613533034580837e-31,1.0,0.9855072463768116,1.0,1.0
49,canonical:049:cdkm_ripple_carry_adder_indep_qiskit_8.qasm,cdkm_ripple_carry_adder_indep_qiskit_8.qasm,24f591d35a316a3702dad92cb83ccf26cc753677beb0eb808e5c403e43a062e3,cdkm_ripple_carry_adder,24,8,74,103,152,103,152,8,74,0.47572815533980584,2.993124889148358e-32,1.4956956158725304e-31,152,103,8,1.0,1.0,1.0,1.0,144,102,7,0.9473684210526315,0.9902912621359223,0.875,0.9864864864864865,8,152,103,8,1.0,1.0,1.0,1.0,0,0,32,3.8674224179323056e-16,3.8674224179323056e-16,2.993124889148358e-32,1.4956956158725304e-31,1.0,0.9902912621359223,1.0,1.0
50,canonical:050:dj_indep_qiskit_10.qasm,dj_indep_qiskit_10.qasm,cc06e6cef364bbeed0ca56bd4244ba349191a32355bac78850ac7f0067f5115b,dj,24,10,11,28,37,28,37,10,11,0.32142857142857145,3.519805866263381e-30,3.651450026173963e-29,37,28,10,1.0,1.0,1.0,1.0,28,19,10,0.7567567567567568,0.6785714285714286,1.0,0.9090909090909091,9,37,28,10,1.0,1.0,1.0,1.0,0,0,3,6.0427229178359e-15,6.0427229178359e-15,3.519805866263381e-30,3.651450026173963e-29,1.0,0.6785714285714286,1.0,1.0
51,canonical:051:dj_indep_qiskit_11.qasm,dj_indep_qiskit_11.qasm,1142be45ef6a0d256865e00a9b9601cee5249d4c663d6cbf617c445a57b5a614,dj,24,11,14,45,55,45,55,11,14,0.2222222222222222,3.9572865121398665e-30,3.6539651703107073e-29,55,45,11,1.0,1.0,1.0,1.0,45,35,11,0.8181818181818182,0.7777777777777778,1.0,0.9285714285714286,10,55,45,11,1.0,1.0,1.0,1.0,0,0,7,6.044803694340013e-15,6.044803694340013e-15,3.9572865121398665e-30,3.6539651703107073e-29,1.0,0.7777777777777778,1.0,1.0
52,canonical:052:dj_indep_qiskit_12.qasm,dj_indep_qiskit_12.qasm,c546aee42c69b2635b37edc63877002986fa3eca6a2f27590a65d1b6f034de33,dj,24,12,14,48,59,48,59,12,14,0.22916666666666666,1.0405855865455475e-29,1.0316273072908823e-28,59,48,12,1.0,1.0,1.0,1.0,48,37,12,0.8135593220338984,0.7708333333333334,1.0,0.9285714285714286,11,59,48,12,1.0,1.0,1.0,1.0,0,0,8,1.0156905568581718e-14,1.0156905568581718e-14,1.0405855865455475e-29,1.0316273072908823e-28,1.0,0.7708333333333334,1.0,1.0
53,canonical:053:dj_indep_qiskit_13.qasm,dj_indep_qiskit_13.qasm,cc86d078af0608a61b083f39cf3b2815507798a61ce0a0c7f4d6af4ce96634e6,dj,24,13,15,51,63,51,63,13,15,0.23529411764705882,7.119238410396317e-29,7.677857365651373e-28,63,51,13,1.0,1.0,1.0,1.0,51,39,13,0.8095238095238095,0.7647058823529411,1.0,0.9333333333333333,12,63,51,13,1.0,1.0,1.0,1.0,0,0,10,2.7708946868567484e-14,2.7708946868567484e-14,7.119238410396317e-29,7.677857365651373e-28,1.0,0.7647058823529411,1.0,1.0
54,canonical:054:dj_indep_qiskit_14.qasm,dj_indep_qiskit_14.qasm,17a5c11ca3f0281107dae72ffc6155d896115d11851cddc05be1a9a21bf8628e,dj,24,14,16,54,67,54,67,14,16,0.24074074074074073,1.2447101816338141e-28,1.6284642910552856e-27,67,54,14,1.0,1.0,1.0,1.0,50,39,14,0.746268656716418,0.7222222222222222,1.0,0.8125,13,63,52,14,0.9402985074626866,0.9629629629629629,1.0,1.0,4,2,10,4.035423510680659e-14,4.035423510680659e-14,1.2447101816338141e-28,1.6284642910552856e-27,0.9629629629629629,0.7222222222222222,1.0,0.9629629629629629
55,canonical:055:dj_indep_qiskit_3.qasm,dj_indep_qiskit_3.qasm,19b840282ba79ad4b57a235c7e513fe7c21a180547e912fdfbbfdab536889dba,dj,24,3,4,7,9,7,9,3,4,0.2857142857142857,1.3070971331211843e-32,3.4564278566850423e-32,9,7,3,1.0,1.0,1.0,1.0,7,5,3,0.7777777777777778,0.7142857142857143,1.0,0.75,2,9,7,3,1.0,1.0,1.0,1.0,0,0,1,1.8591470777442655e-16,1.8591470777442655e-16,1.3070971331211843e-32,3.4564278566850423e-32,1.0,0.7142857142857143,1.0,1.0
56,canonical:056:dj_indep_qiskit_4.qasm,dj_indep_qiskit_4.qasm,96dee0a19ee4e364742f1e32ef0da33f18edbd30c6193f5f510b00dcdad3c220,dj,24,4,5,10,13,10,13,4,5,0.3,1.87722199623219e-32,3.8425020403889105e-32,13,10,4,1.0,1.0,1.0,1.0,10,7,4,0.7692307692307693,0.7,1.0,0.8,3,13,10,4,1.0,1.0,1.0,1.0,0,0,1,1.9602300988376123e-16,1.9602300988376123e-16,1.87722199623219e-32,3.8425020403889105e-32,1.0,0.7,1.0,1.0
57,canonical:057:dj_indep_qiskit_5.qasm,dj_indep_qiskit_5.qasm,74da4cb155f347803b8135eb3bfe6651f2a12772af5ddef19018c5e12595d3eb,dj,24,5,6,13,17,13,17,5,6,0.3076923076923077,2.0464146809886212e-32,6.65347156436785e-32,17,13,5,1.0,1.0,1.0,1.0,13,9,5,0.7647058823529411,0.6923076923076923,1.0,0.8333333333333334,4,17,13,5,1.0,1.0,1.0,1.0,0,0,1,2.579432411281181e-16,2.579432411281181e-16,2.0464146809886212e-32,6.65347156436785e-32,1.0,0.6923076923076923,1.0,1.0
58,canonical:058:dj_indep_qiskit_6.qasm,dj_indep_qiskit_6.qasm,8a0528b4e52a59b3bc918978442d44ae139e48c2160b863945067ba597e69db5,dj,24,6,7,16,21,16,21,6,7,0.3125,3.917654664608129e-32,2.3524617877200026e-31,21,16,6,1.0,1.0,1.0,1.0,16,11,6,0.7619047619047619,0.6875,1.0,0.8571428571428571,5,21,16,6,1.0,1.0,1.0,1.0,0,0,1,4.850218332941314e-16,4.850218332941314e-16,3.917654664608129e-32,2.3524617877200026e-31,1.0,0.6875,1.0,1.0
59,canonical:059:dj_indep_qiskit_7.qasm,dj_indep_qiskit_7.qasm,e152bcc6814de38286b7a48e67c71ae95c0ce910041aa9646769ee9f05fc1d31,dj,24,7,8,19,25,19,25,7,8,0.3157894736842105,5.184363751593776e-32,3.0843151665871526e-31,25,19,7,1.0,1.0,1.0,1.0,19,13,7,0.76,0.6842105263157895,1.0,0.875,6,25,19,7,1.0,1.0,1.0,1.0,0,0,1,5.553661104701255e-16,5.553661104701255e-16,5.184363751593776e-32,3.0843151665871526e-31,1.0,0.6842105263157895,1.0,1.0
60,canonical:060:dj_indep_qiskit_8.qasm,dj_indep_qiskit_8.qasm,a9e19cd33a7a5e9e3336c858cf6a58e8445ac699f915b4cddfcbfcc47b07ffc5,dj,24,8,9,22,29,22,29,8,9,0.3181818181818182,1.8415241072150542e-31,1.768292578439141e-30,29,22,8,1.0,1.0,1.0,1.0,22,15,8,0.7586206896551724,0.6818181818181818,1.0,0.8888888888888888,7,29,22,8,1.0,1.0,1.0,1.0,0,0,2,1.3297716264228028e-15,1.3297716264228028e-15,1.8415241072150542e-31,1.768292578439141e-30,1.0,0.6818181818181818,1.0,1.0
61,canonical:061:dj_indep_qiskit_9.qasm,dj_indep_qiskit_9.qasm,f067764ae457971001292f4c04011d4a0d2b87eb3629fcaa3d6a4886c54ff58f,dj,24,9,10,25,33,25,33,9,10,0.32,6.439207049629816e-31,5.8513603570372965e-30,33,25,9,1.0,1.0,1.0,1.0,25,17,9,0.7575757575757576,0.68,1.0,0.9,8,33,25,9,1.0,1.0,1.0,1.0,0,0,2,2.418958527349584e-15,2.418958527349584e-15,6.439207049629816e-31,5.8513603570372965e-30,1.0,0.68,1.0,1.0
62,canonical:062:draper_qft_adder_indep_qiskit_10.qasm,draper_qft_adder_indep_qiskit_10.qasm,58705554688a2a0d27527b6d23376a0eb6d35a6ac7cc41c0d22a20b18d73aeb6,draper_qft_adder,24,10,23,45,80,45,80,10,23,0.7777777777777778,5.924826454581318e-33,2.3111159332646808e-32,80,45,10,1.0,1.0,1.0,1.0,70,44,9,0.875,0.9777777777777777,0.9,0.9565217391304348,10,80,45,10,1.0,1.0,1.0,1.0,0,0,16,1.5202354861220297e-16,1.5202354861220297e-16,5.924826454581318e-33,2.3111159332646808e-32,1.0,0.9777777777777777,1.0,1.0
63,canonical:063:draper_qft_adder_indep_qiskit_12.qasm,draper_qft_adder_indep_qiskit_12.qasm,19afe23236844d8096f2ba6b5e5871dd5a6b952285a56b84653d911679c77d33,draper_qft_adder,24,12,28,63,114,63,114,12,28,0.8095238095238095,3.9375560349406815e-32,1.910522504832137e-31,114,63,12,1.0,1.0,1.0,1.0,102,62,11,0.8947368421052632,0.9841269841269841,0.9166666666666666,0.9642857142857143,12,114,63,12,1.0,1.0,1.0,1.0,0,0,33,4.370952418903844e-16,4.370952418903844e-16,3.9375560349406815e-32,1.910522504832137e-31,1.0,0.9841269841269841,1.0,1.0
64,canonical:064:draper_qft_adder_indep_qiskit_14.qasm,draper_qft_adder_indep_qiskit_14.qasm,41c1db36f912fe06d85566b802b8f815cacb9a9817cb15cba65ee867d7a6802c,draper_qft_adder,24,14,33,84,154,84,154,14,33,0.8333333333333334,3.9656639814742e-32,1.910522504832137e-31,154,84,14,1.0,1.0,1.0,1.0,117,66,12,0.7597402597402597,0.7857142857142857,0.8571428571428571,0.7878787878787878,14,131,76,14,0.8506493506493507,0.9047619047619048,1.0,1.0,23,17,43,4.370952418903844e-16,4.370952418903844e-16,3.9656639814742e-32,1.910522504832137e-31,0.9047619047619048,0.7857142857142857,1.0,0.9047619047619048
65,canonical:065:draper_qft_adder_indep_qiskit_2.qasm,draper_qft_adder_indep_qiskit_2.qasm,abd1f5f3ece02878fdeb3f1704bcac2a8bd0d5daeeaf2ebaf0b24f5317bf4668,draper_qft_adder,24,2,3,3,4,3,4,2,3,0.3333333333333333,0.0,0.0,4,3,2,1.0,1.0,1.0,1.0,2,2,1,0.5,0.6666666666666666,0.5,0.6666666666666666,2,4,3,2,1.0,1.0,1.0,1.0,0,0,1,0.0,0.0,0.0,0.0,1.0,0.6666666666666666,1.0,1.0
66,canonical:066:draper_qft_adder_indep_qiskit_4.qasm,draper_qft_adder_indep_qiskit_4.qasm,d227bd7e7f45baa877833c44d7322d8aa6de7dd3165ecc210b3371098524fdb3,draper_qft_adder,24,4,8,9,14,9,14,4,8,0.5555555555555556,5.535053603499717e-34,1.5407439555097877e-33,14,9,4,1.0,1.0,1.0,1.0,10,8,3,0.7142857142857143,0.8888888888888888,0.75,0.875,4,14,9,4,1.0,1.0,1.0,1.0,0,0,1,3.925231146709437e-17,3.925231146709437e-17,5.535053603499717e-34,1.5407439555097877e-33,1.0,0.8888888888888888,1.0,1.0
67,canonical:067:draper_qft_adder_indep_qiskit_6.qasm,draper_qft_adder_indep_qiskit_6.qasm,11b4cddfa7e81609677619d146d8e42010770ebb49cb7dd9f327b1836e412504,draper_qft_adder,24,6,13,18,30,18,30,6,13,0.6666666666666666,4.524099149609888e-33,1.848892746611744e-32,30,18,6,1.0,1.0,1.0,1.0,24,17,5,0.8,0.9444444444444444,0.8333333333333334,0.9230769230769231,6,30,18,6,1.0,1.0,1.0,1.0,0,0,3,1.3597399555105177e-16,1.3597399555105177e-16,4.524099149609888e-33,1.848892746611744e-32,1.0,0.9444444444444444,1.0,1.0
68,canonical:068:draper_qft_adder_indep_qiskit_8.qasm,draper_qft_adder_indep_qiskit_8.qasm,471a0ca3e2c1ddcd5e5dde356c0a4542ee4f2d85655fd67941f478a6f5a22fa9,draper_qft_adder,24,8,18,30,52,30,52,8,18,0.7333333333333333,2.226876764742869e-33,1.848892746611744e-32,52,30,8,1.0,1.0,1.0,1.0,44,29,7,0.8461538461538461,0.9666666666666667,0.875,0.9444444444444444,8,52,30,8,1.0,1.0,1.0,1.0,0,0,7,1.3597399555105177e-16,1.3597399555105177e-16,2.226876764742869e-33,1.848892746611744e-32,1.0,0.9666666666666667,1.0,1.0
69,canonical:069:full_adder_indep_qiskit_10.qasm,full_adder_indep_qiskit_10.qasm,d24aa0be4a25613782af831ddf4cea9f0ae8532446cb4458649a5acdaaa6b07e,full_adder,24,10,98,137,202,137,202,10,98,0.4744525547445255,3.5998238552604797e-32,1.992973877778396e-31,202,137,10,1.0,1.0,1.0,1.0,192,136,9,0.9504950495049505,0.9927007299270073,0.9,0.9897959183673469,10,202,137,10,1.0,1.0,1.0,1.0,0,0,81,4.464273600238236e-16,4.464273600238236e-16,3.5998238552604797e-32,1.992973877778396e-31,1.0,0.9927007299270073,1.0,1.0
70,canonical:070:full_adder_indep_qiskit_12.qasm,full_adder_indep_qiskit_12.qasm,fdb9267d310782711f16beef84b8804d26188caf79fd8d970e828b3813db86d1,full_adder,24,12,122,171,252,171,252,12,122,0.47368421052631576,4.282778196641376e-32,2.5359797902706847e-31,252,171,12,1.0,1.0,1.0,1.0,240,170,11,0.9523809523809523,0.9941520467836257,0.9166666666666666,0.9918032786885246,12,252,171,12,1.0,1.0,1.0,1.0,0,0,122,5.035851258993558e-16,5.035851258993558e-16,4.282778196641376e-32,2.5359797902706847e-31,1.0,0.9941520467836257,1.0,1.0
71,canonical:071:full_adder_indep_qiskit_14.qasm,full_adder_indep_qiskit_14.qasm,72bc5b8ae29231334e52930c3ee2023fdf841ea9f362ff0aa47b83b280b5d352,full_adder,24,14,146,205,302,205,302,14,146,0.47317073170731705,4.973772937944581e-32,2.9607480488786963e-31,302,205,14,1.0,1.0,1.0,1.0,127,86,13,0.4205298013245033,0.4195121951219512,0.9285714285714286,0.3904109589041096,14,141,99,14,0.46688741721854304,0.48292682926829267,1.0,1.0,161,118,45,5.441275630657501e-16,5.441275630657501e-16,4.973772937944581e-32,2.9607480488786963e-31,0.48292682926829267,0.4195121951219512,1.0,0.48292682926829267
72,canonical:072:full_adder_indep_qiskit_4.qasm,full_adder_indep_qiskit_4.qasm,9e0fb0e1ffaf14c99e12f7ac0bd9fd824e63b2fcf84c9778b7660a16c051c90c,full_adder,24,4,25,34,50,34,50,4,25,0.47058823529411764,0.0,0.0,50,34,4,1.0,1.0,1.0,1.0,46,32,4,0.92,0.9411764705882353,1.0,0.96,4,50,34,4,1.0,1.0,1.0,1.0,0,0,3,0.0,0.0,0.0,0.0,1.0,0.9411764705882353,1.0,1.0
73,canonical:073:full_adder_indep_qiskit_6.qasm,full_adder_indep_qiskit_6.qasm,bb6502ccbf5df52b2919efc6d9258b0d0bc076c8939f2842f43804e6c69109ba,full_adder,24,6,50,69,102,69,102,6,50,0.4782608695652174,2.0939650334736303e-32,1.0613533034580837e-31,102,69,6,1.0,1.0,1.0,1.0,96,68,5,0.9411764705882353,0.9855072463768116,0.8333333333333334,0.98,6,102,69,6,1.0,1.0,1.0,1.0,0,0,14,3.257841775559529e-16,3.257841775559529e-16,2.0939650334736303e-32,1.0613533034580837e-31,1.0,0.9855072463768116,1.0,1.0
74,canonical:074:full_adder_indep_qiskit_8.qasm,full_adder_indep_qiskit_8.qasm,1d64ee8d92725661c96bd00f25f15e9fa1eec65267cca72e05cce6baf7b5944c,full_adder,24,8,74,103,152,103,152,8,74,0.47572815533980584,2.993124889148358e-32,1.4956956158725304e-31,152,103,8,1.0,1.0,1.0,1.0,144,102,7,0.9473684210526315,0.9902912621359223,0.875,0.9864864864864865,8,152,103,8,1.0,1.0,1.0,1.0,0,0,32,3.8674224179323056e-16,3.8674224179323056e-16,2.993124889148358e-32,1.4956956158725304e-31,1.0,0.9902912621359223,1.0,1.0
75,canonical:075:ghz_indep_qiskit_10.qasm,ghz_indep_qiskit_10.qasm,952d6eef96125a71ace21d27977281c7596350255b5f2d45ba435b4d18a94526,ghz,24,10,10,10,19,10,19,10,10,0.9,0.2368421052631578,0.2499999999999999,1,1,1,0.05263157894736842,0.1,0.1,0.1,1,1,1,0.05263157894736842,0.1,0.1,0.1,0,1,1,1,0.05263157894736842,0.1,0.1,0.1,0,0,1,0.0,0.0,0.2368421052631578,0.2499999999999999,0.1,0.1,0.1,0.1
76,canonical:076:ghz_indep_qiskit_11.qasm,ghz_indep_qiskit_11.qasm,75a6f82d3a5644eff38cd81378be8875f3dc334b6bae44ac193504d2e9e84066,ghz,24,11,11,11,21,11,21,11,11,0.9090909090909091,0.238095238095238,0.2499999999999999,1,1,1,0.047619047619047616,0.09090909090909091,0.09090909090909091,0.09090909090909091,1,1,1,0.047619047619047616,0.09090909090909091,0.09090909090909091,0.09090909090909091,0,1,1,1,0.047619047619047616,0.09090909090909091,0.09090909090909091,0.09090909090909091,0,0,1,0.0,0.0,0.238095238095238,0.2499999999999999,0.09090909090909091,0.09090909090909091,0.09090909090909091,0.09090909090909091
77,canonical:077:ghz_indep_qiskit_12.qasm,ghz_indep_qiskit_12.qasm,1b5a76fd1adafe88e651b89e62d210566088309936751e93a68db213ee178195,ghz,24,12,12,12,23,12,23,12,12,0.9166666666666666,0.23913043478260862,0.2499999999999999,1,1,1,0.043478260869565216,0.08333333333333333,0.08333333333333333,0.08333333333333333,1,1,1,0.043478260869565216,0.08333333333333333,0.08333333333333333,0.08333333333333333,0,1,1,1,0.043478260869565216,0.08333333333333333,0.08333333333333333,0.08333333333333333,0,0,1,0.0,0.0,0.23913043478260862,0.2499999999999999,0.08333333333333333,0.08333333333333333,0.08333333333333333,0.08333333333333333
78,canonical:078:ghz_indep_qiskit_13.qasm,ghz_indep_qiskit_13.qasm,e41fba2e9ca8bbe278da5a9444368554992b818f89f529f6205625fbbde494b7,ghz,24,13,13,13,25,13,25,13,13,0.9230769230769231,0.23999999999999994,0.2499999999999999,1,1,1,0.04,0.07692307692307693,0.07692307692307693,0.07692307692307693,1,1,1,0.04,0.07692307692307693,0.07692307692307693,0.07692307692307693,0,1,1,1,0.04,0.07692307692307693,0.07692307692307693,0.07692307692307693,0,0,1,0.0,0.0,0.23999999999999994,0.2499999999999999,0.07692307692307693,0.07692307692307693,0.07692307692307693,0.07692307692307693
79,canonical:079:ghz_indep_qiskit_14.qasm,ghz_indep_qiskit_14.qasm,b2c22fbbec2a28fcaa32c799136674a30cbbca508424dcd23676740605064176,ghz,24,14,14,14,27,14,27,14,14,0.9285714285714286,0.24074074074074067,0.2499999999999999,1,1,1,0.037037037037037035,0.07142857142857142,0.07142857142857142,0.07142857142857142,1,1,1,0.037037037037037035,0.07142857142857142,0.07142857142857142,0.07142857142857142,0,1,1,1,0.037037037037037035,0.07142857142857142,0.07142857142857142,0.07142857142857142,0,0,1,0.0,0.0,0.24074074074074067,0.2499999999999999,0.07142857142857142,0.07142857142857142,0.07142857142857142,0.07142857142857142
80,canonical:080:ghz_indep_qiskit_3.qasm,ghz_indep_qiskit_3.qasm,d18f465216bce7e46b26d3815472ea7e1bb8f9f2c323e060f25ae47c65a99193,ghz,24,3,3,3,5,3,5,3,3,0.6666666666666666,0.1999999999999999,0.2499999999999999,1,1,1,0.2,0.3333333333333333,0.3333333333333333,0.3333333333333333,1,1,1,0.2,0.3333333333333333,0.3333333333333333,0.3333333333333333,0,1,1,1,0.2,0.3333333333333333,0.3333333333333333,0.3333333333333333,0,0,1,0.0,0.0,0.1999999999999999,0.2499999999999999,0.3333333333333333,0.3333333333333333,0.3333333333333333,0.3333333333333333
81,canonical:081:ghz_indep_qiskit_4.qasm,ghz_indep_qiskit_4.qasm,4ae5ee96b1993e320faf9441eca50ab01e20ac3446728248b9cbd210135df3d8,ghz,24,4,4,4,7,4,7,4,4,0.75,0.21428571428571422,0.2499999999999999,1,1,1,0.14285714285714285,0.25,0.25,0.25,1,1,1,0.14285714285714285,0.25,0.25,0.25,0,1,1,1,0.14285714285714285,0.25,0.25,0.25,0,0,1,0.0,0.0,0.21428571428571422,0.2499999999999999,0.25,0.25,0.25,0.25
82,canonical:082:ghz_indep_qiskit_5.qasm,ghz_indep_qiskit_5.qasm,448a2bd38e2bdaf2a84cc86543ace1871954d87fb3e8ef963dd3cc7462debc89,ghz,24,5,5,5,9,5,9,5,5,0.8,0.22222222222222213,0.2499999999999999,1,1,1,0.1111111111111111,0.2,0.2,0.2,1,1,1,0.1111111111111111,0.2,0.2,0.2,0,1,1,1,0.1111111111111111,0.2,0.2,0.2,0,0,1,0.0,0.0,0.22222222222222213,0.2499999999999999,0.2,0.2,0.2,0.2
83,canonical:083:ghz_indep_qiskit_6.qasm,ghz_indep_qiskit_6.qasm,7044d09a3bce41cebfb5c9e3c84263e10c13a75ae9f03ec614e4c9a6dff55877,ghz,24,6,6,6,11,6,11,6,6,0.8333333333333334,0.22727272727272718,0.2499999999999999,1,1,1,0.09090909090909091,0.16666666666666666,0.16666666666666666,0.16666666666666666,1,1,1,0.09090909090909091,0.16666666666666666,0.16666666666666666,0.16666666666666666,0,1,1,1,0.09090909090909091,0.16666666666666666,0.16666666666666666,0.16666666666666666,0,0,1,0.0,0.0,0.22727272727272718,0.2499999999999999,0.16666666666666666,0.16666666666666666,0.16666666666666666,0.16666666666666666
84,canonical:084:ghz_indep_qiskit_7.qasm,ghz_indep_qiskit_7.qasm,a2ef423a23064802be219d928ee1edd465895da42cbdd54763751c77ae0802af,ghz,24,7,7,7,13,7,13,7,7,0.8571428571428571,0.2307692307692307,0.2499999999999999,1,1,1,0.07692307692307693,0.14285714285714285,0.14285714285714285,0.14285714285714285,1,1,1,0.07692307692307693,0.14285714285714285,0.14285714285714285,0.14285714285714285,0,1,1,1,0.07692307692307693,0.14285714285714285,0.14285714285714285,0.14285714285714285,0,0,1,0.0,0.0,0.2307692307692307,0.2499999999999999,0.14285714285714285,0.14285714285714285,0.14285714285714285,0.14285714285714285
85,canonical:085:ghz_indep_qiskit_8.qasm,ghz_indep_qiskit_8.qasm,fec966b68ece2ef45dfd035013c1795f924f522e73c5d0341f2d0c1ae8bf3a95,ghz,24,8,8,8,15,8,15,8,8,0.875,0.23333333333333328,0.2499999999999999,1,1,1,0.06666666666666667,0.125,0.125,0.125,1,1,1,0.06666666666666667,0.125,0.125,0.125,0,1,1,1,0.06666666666666667,0.125,0.125,0.125,0,0,1,0.0,0.0,0.23333333333333328,0.2499999999999999,0.125,0.125,0.125,0.125
86,canonical:086:ghz_indep_qiskit_9.qasm,ghz_indep_qiskit_9.qasm,ddb8d4332d28ca9ca5f3345703408678d0eb0cabd9b581e0f11049801a54604e,ghz,24,9,9,9,17,9,17,9,9,0.8888888888888888,0.2352941176470587,0.2499999999999999,1,1,1,0.058823529411764705,0.1111111111111111,0.1111111111111111,0.1111111111111111,1,1,1,0.058823529411764705,0.1111111111111111,0.1111111111111111,0.1111111111111111,0,1,1,1,0.058823529411764705,0.1111111111111111,0.1111111111111111,0.1111111111111111,0,0,1,0.0,0.0,0.2352941176470587,0.2499999999999999,0.1111111111111111,0.1111111111111111,0.1111111111111111,0.1111111111111111
87,canonical:087:graphstate_indep_qiskit_10.qasm,graphstate_indep_qiskit_10.qasm,44c9593437514d998b98b72b7173048acd3b91a0f51d632e9200fa1e58527ed8,graphstate,24,10,6,20,30,20,30,10,6,0.5,0.16666666666666632,0.24999999999999983,10,10,10,0.3333333333333333,0.5,1.0,0.16666666666666666,10,10,10,0.3333333333333333,0.5,1.0,0.16666666666666666,0,10,10,10,0.3333333333333333,0.5,1.0,0.16666666666666666,0,0,1,6.044803694340013e-15,6.044803694340013e-15,0.16666666666666632,0.24999999999999983,0.5,0.5,0.5,0.5
88,canonical:088:graphstate_indep_qiskit_11.qasm,graphstate_indep_qiskit_11.qasm,f40a0fa6948fb3583b0c774a6053bea76b0e1889135e8c0c27791189783093c3,graphstate,24,11,5,22,33,22,33,11,5,0.5,0.16666666666666627,0.2499999999999997,11,11,11,0.3333333333333333,0.5,1.0,0.2,11,11,11,0.3333333333333333,0.5,1.0,0.2,0,11,11,11,0.3333333333333333,0.5,1.0,0.2,0,0,1,6.044803694340013e-15,6.044803694340013e-15,0.16666666666666627,0.2499999999999997,0.5,0.5,0.5,0.5
89,canonical:089:graphstate_indep_qiskit_12.qasm,graphstate_indep_qiskit_12.qasm,db50ec9ab5473616ad6b16db1cb9b4f78bf8ded3dc7c09bb1d050b477507d6eb,graphstate,24,12,6,24,36,24,36,12,6,0.5,0.16666666666666627,0.24999999999999983,12,12,12,0.3333333333333333,0.5,1.0,0.16666666666666666,12,12,12,0.3333333333333333,0.5,1.0,0.16666666666666666,0,12,12,12,0.3333333333333333,0.5,1.0,0.16666666666666666,0,0,1,1.026705545412715e-14,1.026705545412715e-14,0.16666666666666627,0.24999999999999983,0.5,0.5,0.5,0.5
90,canonical:090:graphstate_indep_qiskit_13.qasm,graphstate_indep_qiskit_13.qasm,25b33c16e20b03bc79a69ec91f9991c1d530dbbac3d32ff070ed25b301a14707,graphstate,24,13,7,26,39,26,39,13,7,0.5,0.16666666666666627,0.2499999999999997,13,13,13,0.3333333333333333,0.5,1.0,0.14285714285714285,13,13,13,0.3333333333333333,0.5,1.0,0.14285714285714285,0,13,13,13,0.3333333333333333,0.5,1.0,0.14285714285714285,0,0,1,2.7708748860670608e-14,2.7708748860670608e-14,0.16666666666666627,0.2499999999999997,0.5,0.5,0.5,0.5
91,canonical:091:graphstate_indep_qiskit_14.qasm,graphstate_indep_qiskit_14.qasm,f543a9760254616b03a9b95ec76081969eec1b22c856e8ca4b41e34f1bc15a90,graphstate,24,14,6,28,42,28,42,14,6,0.5,0.1666666666666662,0.24999999999999983,14,14,14,0.3333333333333333,0.5,1.0,0.16666666666666666,14,14,14,0.3333333333333333,0.5,1.0,0.16666666666666666,0,14,14,14,0.3333333333333333,0.5,1.0,0.16666666666666666,0,0,1,4.0298635935144774e-14,4.0298635935144774e-14,0.1666666666666662,0.24999999999999983,0.5,0.5,0.5,0.5
92,canonical:092:graphstate_indep_qiskit_3.qasm,graphstate_indep_qiskit_3.qasm,7ce60d87dd14a7093c82ee4ccdd56e82d040ea1c3931c6bf3b34c34c15872425,graphstate,24,3,4,6,9,6,9,3,4,0.5,0.16666666666666646,0.24999999999999983,3,3,3,0.3333333333333333,0.5,1.0,0.25,3,3,3,0.3333333333333333,0.5,1.0,0.25,0,3,3,3,0.3333333333333333,0.5,1.0,0.25,0,0,1,1.3597399555105177e-16,1.3597399555105177e-16,0.16666666666666646,0.24999999999999983,0.5,0.5,0.5,0.5
93,canonical:093:graphstate_indep_qiskit_4.qasm,graphstate_indep_qiskit_4.qasm,5ccc5d919e6f1829877d2c51edea018601c96b9acb1ee25f8d72d575e89b4f90,graphstate,24,4,4,8,12,8,12,4,4,0.5,0.1666666666666665,0.24999999999999983,4,4,4,0.3333333333333333,0.5,1.0,0.25,4,4,4,0.3333333333333333,0.5,1.0,0.25,0,4,4,4,0.3333333333333333,0.5,1.0,0.25,0,0,1,1.3597399555105177e-16,1.3597399555105177e-16,0.1666666666666665,0.24999999999999983,0.5,0.5,0.5,0.5
94,canonical:094:graphstate_indep_qiskit_5.qasm,graphstate_indep_qiskit_5.qasm,77ca0ded3842bda2eb789c692e888d55486de9757c16488dc2dacb342b79c871,graphstate,24,5,5,10,15,10,15,5,5,0.5,0.16666666666666646,0.24999999999999983,5,5,5,0.3333333333333333,0.5,1.0,0.2,5,5,5,0.3333333333333333,0.5,1.0,0.2,0,5,5,5,0.3333333333333333,0.5,1.0,0.2,0,0,1,1.5202354861220297e-16,1.5202354861220297e-16,0.16666666666666646,0.24999999999999983,0.5,0.5,0.5,0.5
95,canonical:095:graphstate_indep_qiskit_6.qasm,graphstate_indep_qiskit_6.qasm,80020f3aac191e13c3d81b269afeb91d9ed198326783440ee43a09e1bd2a4ca5,graphstate,24,6,6,12,18,12,18,6,6,0.5,0.16666666666666644,0.24999999999999983,6,6,6,0.3333333333333333,0.5,1.0,0.16666666666666666,6,6,6,0.3333333333333333,0.5,1.0,0.16666666666666666,0,6,6,6,0.3333333333333333,0.5,1.0,0.16666666666666666,0,0,1,4.370952418903844e-16,4.370952418903844e-16,0.16666666666666644,0.24999999999999983,0.5,0.5,0.5,0.5
96,canonical:096:graphstate_indep_qiskit_7.qasm,graphstate_indep_qiskit_7.qasm,c2c56263ffc02a209306d58df770aeee13fd602129e69bb1d7da307418cdb23c,graphstate,24,7,4,14,21,14,21,7,4,0.5,0.16666666666666638,0.24999999999999983,7,7,7,0.3333333333333333,0.5,1.0,0.25,7,7,7,0.3333333333333333,0.5,1.0,0.25,0,7,7,7,0.3333333333333333,0.5,1.0,0.25,0,0,1,4.370952418903844e-16,4.370952418903844e-16,0.16666666666666638,0.24999999999999983,0.5,0.5,0.5,0.5
97,canonical:097:graphstate_indep_qiskit_8.qasm,graphstate_indep_qiskit_8.qasm,c91ad7a7e55bed894ba48e0798253d480a31a8161067799cb27ee2e59539958c,graphstate,24,8,5,16,24,16,24,8,5,0.5,0.16666666666666632,0.24999999999999983,8,8,8,0.3333333333333333,0.5,1.0,0.2,8,8,8,0.3333333333333333,0.5,1.0,0.2,0,8,8,8,0.3333333333333333,0.5,1.0,0.2,0,0,1,1.6588165685341077e-15,1.6588165685341077e-15,0.16666666666666632,0.24999999999999983,0.5,0.5,0.5,0.5
98,canonical:098:graphstate_indep_qiskit_9.qasm,graphstate_indep_qiskit_9.qasm,5aa75b23ea4ea01297aeeef2309614696743e934442bb3a2a66e1c159f3e7061,graphstate,24,9,5,18,27,18,27,9,5,0.5,0.16666666666666638,0.24999999999999983,9,9,9,0.3333333333333333,0.5,1.0,0.2,9,9,9,0.3333333333333333,0.5,1.0,0.2,0,9,9,9,0.3333333333333333,0.5,1.0,0.2,0,0,1,2.507236594037328e-15,2.507236594037328e-15,0.16666666666666638,0.24999999999999983,0.5,0.5,0.5,0.5
99,canonical:099:groundstate_small_indep_qiskit_4.qasm,groundstate_small_indep_qiskit_4.qasm,b3bf143aaacb1736ab33f7e6ab086d09e28222e17efe3034bec72c89ad19beee,groundstate_small,24,4,12,24,36,24,36,4,12,0.5,0.20911275607689453,0.2500000000000001,4,4,4,0.1111111111111111,0.16666666666666666,1.0,0.08333333333333333,4,4,4,0.1111111111111111,0.16666666666666666,1.0,0.08333333333333333,0,4,4,4,0.1111111111111111,0.16666666666666666,1.0,0.08333333333333333,0,0,1,1.6302709355362944e-16,1.6302709355362944e-16,0.20911275607689453,0.2500000000000001,0.16666666666666666,0.16666666666666666,0.16666666666666666,0.16666666666666666
100,canonical:100:grover-noancilla_indep_qiskit_3.qasm,grover-noancilla_indep_qiskit_3.qasm,1b9a33792c00b17b090dddb64e203ae7ee575e41e9134f2a3f2242b721ce576f,grover-noancilla,24,3,9,13,19,13,19,3,9,0.46153846153846156,0.06578947368421045,0.24999999999999978,14,10,3,0.7368421052631579,0.7692307692307693,1.0,1.0,11,7,3,0.5789473684210527,0.5384615384615384,1.0,0.8888888888888888,3,14,10,3,0.7368421052631579,0.7692307692307693,1.0,1.0,0,0,1,2.0797505302724555e-16,2.0797505302724555e-16,0.06578947368421045,0.24999999999999978,0.7692307692307693,0.5384615384615384,0.7692307692307693,0.7692307692307693
101,canonical:101:grover-noancilla_indep_qiskit_4.qasm,grover-noancilla_indep_qiskit_4.qasm,fcac49fee09059d2e921239068836cad91c6291b4b9620034f2b6cc1333f1fa9,grover-noancilla,24,4,41,58,94,58,94,4,41,0.6206896551724138,0.07701338098404246,0.18749999999999994,24,20,4,0.2553191489361702,0.3448275862068966,1.0,0.8292682926829268,23,19,4,0.24468085106382978,0.3275862068965517,1.0,0.7804878048780488,1,24,20,4,0.2553191489361702,0.3448275862068966,1.0,0.8292682926829268,0,0,2,1.3597399555105177e-16,1.3597399555105177e-16,0.07701338098404246,0.18749999999999994,0.3448275862068966,0.3275862068965517,0.3448275862068966,0.3448275862068966
102,canonical:102:grover-noancilla_indep_qiskit_5.qasm,grover-noancilla_indep_qiskit_5.qasm,175c7384f4e79956737cb3ec2737d23d5a826a1abc158326cd57f171c0bc66f0,grover-noancilla,24,5,169,191,320,191,320,5,169,0.675392670157068,0.07113706399529794,0.1914813956925351,58,53,5,0.18125,0.2774869109947644,1.0,0.8402366863905325,57,52,5,0.178125,0.27225130890052357,1.0,0.8284023668639053,1,58,53,5,0.18125,0.2774869109947644,1.0,0.8402366863905325,0,0,10,1.8926779167518865e-16,1.8926779167518865e-16,0.07113706399529794,0.1914813956925351,0.2774869109947644,0.27225130890052357,0.2774869109947644,0.2774869109947644
103,canonical:103:grover-noancilla_indep_qiskit_6.qasm,grover-noancilla_indep_qiskit_6.qasm,d5fd04919c15e790b7c602d4a98fb7fa490c3248899a4e0789307cd69e3ad0ee,grover-noancilla,24,6,401,450,802,450,802,6,401,0.7822222222222223,0.07718499911048464,0.249950923609685,140,134,6,0.1745635910224439,0.29777777777777775,1.0,0.9027431421446384,139,133,6,0.17331670822942644,0.29555555555555557,1.0,0.8977556109725686,1,140,134,6,0.1745635910224439,0.29777777777777775,1.0,0.9027431421446384,0,0,39,1.6184142622847344e-16,1.6184142622847344e-16,0.07718499911048464,0.249950923609685,0.29777777777777775,0.29555555555555557,0.29777777777777775,0.29777777777777775
104,canonical:104:grover-noancilla_indep_qiskit_7.qasm,grover-noancilla_indep_qiskit_7.qasm,5754901ace00d3418e89cb3f8424f92866c9c3e428af5174df1c7675f7244c31,grover-noancilla,24,7,1123,1195,2311,1195,2311,7,1123,0.9338912133891213,0.05812639432665705,0.15381132576737047,397,390,7,0.17178710514928602,0.3263598326359833,1.0,0.9447907390917186,396,389,7,0.17135439203807876,0.32552301255230126,1.0,0.9430097951914514,1,397,390,7,0.17178710514928602,0.3263598326359833,1.0,0.9447907390917186,0,0,173,5.019559591980758e-16,5.019559591980758e-16,0.05812639432665705,0.15381132576737047,0.3263598326359833,0.32552301255230126,0.3263598326359833,0.3263598326359833
105,canonical:105:grover-v-chain_indep_qiskit_3.qasm,grover-v-chain_indep_qiskit_3.qasm,1b9a33792c00b17b090dddb64e203ae7ee575e41e9134f2a3f2242b721ce576f,grover-v-chain,24,3,9,13,19,13,19,3,9,0.46153846153846156,0.06578947368421045,0.24999999999999978,14,10,3,0.7368421052631579,0.7692307692307693,1.0,1.0,11,7,3,0.5789473684210527,0.5384615384615384,1.0,0.8888888888888888,3,14,10,3,0.7368421052631579,0.7692307692307693,1.0,1.0,0,0,1,2.0797505302724555e-16,2.0797505302724555e-16,0.06578947368421045,0.24999999999999978,0.7692307692307693,0.5384615384615384,0.7692307692307693,0.7692307692307693
106,canonical:106:grover-v-chain_indep_qiskit_4.qasm,grover-v-chain_indep_qiskit_4.qasm,fcac49fee09059d2e921239068836cad91c6291b4b9620034f2b6cc1333f1fa9,grover-v-chain,24,4,41,58,94,58,94,4,41,0.6206896551724138,0.07701338098404246,0.18749999999999994,24,20,4,0.2553191489361702,0.3448275862068966,1.0,0.8292682926829268,23,19,4,0.24468085106382978,0.3275862068965517,1.0,0.7804878048780488,1,24,20,4,0.2553191489361702,0.3448275862068966,1.0,0.8292682926829268,0,0,2,1.3597399555105177e-16,1.3597399555105177e-16,0.07701338098404246,0.18749999999999994,0.3448275862068966,0.3275862068965517,0.3448275862068966,0.3448275862068966
107,canonical:107:grover-v-chain_indep_qiskit_5.qasm,grover-v-chain_indep_qiskit_5.qasm,1fcf471bdd39b4e42f0de4b99caac536427a18c3c2aef7dbd70fbebf2b230cf8,grover-v-chain,24,5,157,194,314,194,314,5,157,0.6185567010309279,0.05898066343424907,0.15234374999999944,73,68,5,0.23248407643312102,0.35051546391752575,1.0,1.0,72,67,5,0.22929936305732485,0.34536082474226804,1.0,0.9936305732484076,1,73,68,5,0.23248407643312102,0.35051546391752575,1.0,1.0,0,0,13,1.9045652206295883e-16,1.9045652206295883e-16,0.05898066343424907,0.15234374999999944,0.35051546391752575,0.34536082474226804,0.35051546391752575,0.35051546391752575
108,canonical:108:grover-v-chain_indep_qiskit_7.qasm,grover-v-chain_indep_qiskit_7.qasm,159ef43a23e6b7fab5ba1df74f24c910f59e74290bff7116509e29dfcee1416d,grover-v-chain,24,7,393,466,778,466,778,7,393,0.6695278969957081,0.0341814187108478,0.08496093749999957,180,174,7,0.23136246786632392,0.37339055793991416,1.0,1.0,178,172,7,0.22879177377892032,0.36909871244635195,1.0,0.9974554707379135,2,180,174,7,0.23136246786632392,0.37339055793991416,1.0,1.0,0,0,64,3.0341300456920073e-16,3.0341300456920073e-16,0.0341814187108478,0.08496093749999957,0.37339055793991416,0.36909871244635195,0.37339055793991416,0.37339055793991416
109,canonical:109:grover-v-chain_indep_qiskit_9.qasm,grover-v-chain_indep_qiskit_9.qasm,8f3680556eeb5379e06f2e6c3e99093315e746578f21bc33325afddddd5618bc,grover-v-chain,24,9,1057,1201,2089,1201,2089,9,1057,0.7393838467943381,0.01705874487852607,0.04467773437500007,487,480,9,0.2331258975586405,0.3996669442131557,1.0,1.0,484,477,9,0.23168980373384396,0.3971690258118235,1.0,0.9990539262062441,3,487,480,9,0.2331258975586405,0.3996669442131557,1.0,1.0,0,0,396,8.727583065966222e-16,8.727583065966222e-16,0.01705874487852607,0.04467773437500007,0.3996669442131557,0.3971690258118235,0.3996669442131557,0.3996669442131557
110,canonical:110:half_adder_indep_qiskit_11.qasm,half_adder_indep_qiskit_11.qasm,8e1345da5fd5485da0abc159146b3a3b6dc3e53eac536f649d05f3b703d21fa4,half_adder,24,11,103,225,327,225,327,11,103,0.4533333333333333,3.170277632097322e-32,1.987649825293653e-31,327,225,11,1.0,1.0,1.0,1.0,316,219,11,0.9663608562691132,0.9733333333333334,1.0,0.9902912621359223,11,327,225,11,1.0,1.0,1.0,1.0,0,0,201,4.458306657570415e-16,4.458306657570415e-16,3.170277632097322e-32,1.987649825293653e-31,1.0,0.9733333333333334,1.0,1.0
111,canonical:111:half_adder_indep_qiskit_13.qasm,half_adder_indep_qiskit_13.qasm,1230b89edcb1fdd80a04fca86fc1a763a81337bdbf8158c956949a672132c7dd,half_adder,24,13,131,292,426,292,426,13,131,0.4589041095890411,2.34267543547534e-32,2.0746270876446714e-31,426,292,13,1.0,1.0,1.0,1.0,286,158,13,0.6713615023474179,0.541095890410959,1.0,0.9923664122137404,13,299,165,13,0.7018779342723005,0.565068493150685,1.0,1.0,127,127,142,4.554807446692659e-16,4.554807446692659e-16,2.34267543547534e-32,2.0746270876446714e-31,0.565068493150685,0.541095890410959,1.0,0.565068493150685
112,canonical:112:half_adder_indep_qiskit_3.qasm,half_adder_indep_qiskit_3.qasm,65cf44a9bb26e4f6ee236f6370644b56a28f26ce7339b2f38340dbb26a69b38b,half_adder,24,3,12,16,23,16,23,3,12,0.4375,0.0,0.0,23,16,3,1.0,1.0,1.0,1.0,20,14,3,0.8695652173913043,0.875,1.0,0.9166666666666666,3,23,16,3,1.0,1.0,1.0,1.0,0,0,1,0.0,0.0,0.0,0.0,1.0,0.875,1.0,1.0
113,canonical:113:half_adder_indep_qiskit_5.qasm,half_adder_indep_qiskit_5.qasm,7baa43cc74c678f59bf66b90dc84e565819886a6142bec0c3410792e565b1160,half_adder,24,5,33,50,73,50,73,5,33,0.46,5.614736916024373e-33,2.6352071531782567e-32,73,50,5,1.0,1.0,1.0,1.0,68,47,5,0.9315068493150684,0.94,1.0,0.9696969696969697,5,73,50,5,1.0,1.0,1.0,1.0,0,0,8,1.623332114257049e-16,1.623332114257049e-16,5.614736916024373e-33,2.6352071531782567e-32,1.0,0.94,1.0,1.0
114,canonical:114:half_adder_indep_qiskit_7.qasm,half_adder_indep_qiskit_7.qasm,5395cee355ce426159d46200c2ed6bee1d35185f6f5d9e71c27dd2d082c0e00f,half_adder,24,7,52,87,127,87,127,7,52,0.45977011494252873,1.3895826954765505e-32,7.966818021623895e-32,127,87,7,1.0,1.0,1.0,1.0,120,83,7,0.9448818897637795,0.9540229885057471,1.0,0.9807692307692307,7,127,87,7,1.0,1.0,1.0,1.0,0,0,25,2.8225552291538816e-16,2.8225552291538816e-16,1.3895826954765505e-32,7.966818021623895e-32,1.0,0.9540229885057471,1.0,1.0
115,canonical:115:half_adder_indep_qiskit_9.qasm,half_adder_indep_qiskit_9.qasm,3e51f8c5bf5d9349bdd9dbb0ba026a654adaa913c537f7fef14db261c9ab6dc7,half_adder,24,9,85,154,225,154,225,9,85,0.461038961038961,1.8505733438143647e-32,1.807665738840444e-31,225,154,9,1.0,1.0,1.0,1.0,216,149,9,0.96,0.9675324675324676,1.0,0.9882352941176471,9,225,154,9,1.0,1.0,1.0,1.0,0,0,69,4.251665248864794e-16,4.251665248864794e-16,1.8505733438143647e-32,1.807665738840444e-31,1.0,0.9675324675324676,1.0,1.0
116,canonical:116:hhl_indep_qiskit_10.qasm,hhl_indep_qiskit_10.qasm,18149f335e4701cf0b4c6428b4cdaed50fb29bf53b37c26a91e382bfec3e4382,hhl,24,10,50,117,201,117,201,10,50,0.717948717948718,0.06222097771511001,0.24998784112213313,42,30,9,0.208955223880597,0.2564102564102564,0.9,0.98,41,29,9,0.20398009950248755,0.24786324786324787,0.9,0.96,1,42,30,9,0.208955223880597,0.2564102564102564,0.9,0.98,0,0,10,1.0947737132700075e-15,1.0947737132700075e-15,0.06222097771511001,0.24998784112213313,0.2564102564102564,0.24786324786324787,0.2564102564102564,0.2564102564102564
117,canonical:117:hhl_indep_qiskit_11.qasm,hhl_indep_qiskit_11.qasm,a1268944ae0dab9f9c5a02afe7b60458c11e057b611ace0df810dc0f66fef80f,hhl,24,11,56,140,243,140,243,11,56,0.7357142857142858,0.054926366343176145,0.24998808825132307,46,33,10,0.18930041152263374,0.2357142857142857,0.9090909090909091,0.9821428571428571,45,32,10,0.18518518518518517,0.22857142857142856,0.9090909090909091,0.9642857142857143,1,46,33,10,0.18930041152263374,0.2357142857142857,0.9090909090909091,0.9821428571428571,0,0,13,2.739135212232816e-15,2.739135212232816e-15,0.054926366343176145,0.24998808825132307,0.2357142857142857,0.22857142857142856,0.2357142857142857,0.2357142857142857
118,canonical:118:hhl_indep_qiskit_12.qasm,hhl_indep_qiskit_12.qasm,40f0b121811d8b48fff2c5b213153e05c95107301d24a222d0811f00109e948b,hhl,24,12,62,166,291,166,291,12,62,0.7530120481927711,0.04870324226558668,0.24998805897422588,52,37,11,0.17869415807560138,0.22289156626506024,0.9166666666666666,0.9838709677419355,51,36,11,0.17525773195876287,0.21686746987951808,0.9166666666666666,0.967741935483871,1,52,37,11,0.17869415807560138,0.22289156626506024,0.9166666666666666,0.9838709677419355,0,0,17,3.683710399094882e-15,3.683710399094882e-15,0.04870324226558668,0.24998805897422588,0.22289156626506024,0.21686746987951808,0.22289156626506024,0.22289156626506024
119,canonical:119:hhl_indep_qiskit_13.qasm,hhl_indep_qiskit_13.qasm,d11e35351cbef84cd443bcc8f93c6a476222ed60b1768d62490d87fad9ec5b7a,hhl,24,13,68,193,341,193,341,13,68,0.7668393782383419,0.04396816368616689,0.24998807283001157,56,40,12,0.16422287390029325,0.20725388601036268,0.9230769230769231,0.9852941176470589,45,29,12,0.13196480938416422,0.15025906735751296,0.9230769230769231,0.20588235294117646,1,46,30,12,0.1348973607038123,0.15544041450777202,0.9230769230769231,0.9852941176470589,10,10,11,9.459469386196454e-15,9.459469386196454e-15,0.04396816368616689,0.24998807283001157,0.15544041450777202,0.15025906735751296,0.20725388601036268,0.15544041450777202
120,canonical:120:hhl_indep_qiskit_14.qasm,hhl_indep_qiskit_14.qasm,3107865713b23e80b4bcb9950ec4dca1ef55ee947441851a42c7d93b3d46e6e4,hhl,24,14,74,223,397,223,397,14,74,0.7802690582959642,0.03982878666721488,0.24998807017188795,62,44,13,0.1561712846347607,0.19730941704035873,0.9285714285714286,0.9864864864864865,45,29,13,0.11335012594458438,0.13004484304932734,0.9285714285714286,0.17567567567567569,1,46,30,13,0.11586901763224182,0.13452914798206278,0.9285714285714286,0.9864864864864865,16,14,11,1.9163036943645405e-14,1.9163036943645405e-14,0.03982878666721488,0.24998807017188795,0.13452914798206278,0.13004484304932734,0.19730941704035873,0.13452914798206278
121,canonical:121:hhl_indep_qiskit_3.qasm,hhl_indep_qiskit_3.qasm,ad77f61fac0be3b640bf2c1f96d95e6d0dfecf34eff88cd765b24636247a5f3d,hhl,24,3,7,8,11,8,11,3,7,0.375,0.030167428386454354,0.06636834245019961,6,5,2,0.5454545454545454,0.625,0.6666666666666666,0.8571428571428571,5,4,2,0.45454545454545453,0.5,0.6666666666666666,0.42857142857142855,1,6,5,2,0.5454545454545454,0.625,0.6666666666666666,0.8571428571428571,0,0,1,4.5813944787476106e-17,4.5813944787476106e-17,0.030167428386454354,0.06636834245019961,0.625,0.5,0.625,0.625
122,canonical:122:hhl_indep_qiskit_4.qasm,hhl_indep_qiskit_4.qasm,f360c099ffbfe47198856077f60fecaa0cb0abc22f9c179d77d132e4f0fb9201,hhl,24,4,15,19,29,19,29,4,15,0.5263157894736842,0.04110376942595732,0.11878054507988386,12,9,3,0.41379310344827586,0.47368421052631576,0.75,0.9333333333333333,11,8,3,0.3793103448275862,0.42105263157894735,0.75,0.8666666666666667,1,12,9,3,0.41379310344827586,0.47368421052631576,0.75,0.9333333333333333,0,0,1,1.6029426985472765e-16,1.6029426985472765e-16,0.04110376942595732,0.11878054507988386,0.47368421052631576,0.42105263157894735,0.47368421052631576,0.47368421052631576
123,canonical:123:hhl_indep_qiskit_5.qasm,hhl_indep_qiskit_5.qasm,daad87db2062666e13ee4108834e562e9dd0168cde2d09ae0785bab33f410fee,hhl,24,5,20,29,45,29,45,5,20,0.5517241379310345,0.047277211166118535,0.17880882106103943,16,12,4,0.35555555555555557,0.41379310344827586,0.8,0.95,15,11,4,0.3333333333333333,0.3793103448275862,0.8,0.9,1,16,12,4,0.35555555555555557,0.41379310344827586,0.8,0.95,0,0,1,1.1015152586160389e-16,1.1015152586160389e-16,0.047277211166118535,0.17880882106103943,0.41379310344827586,0.3793103448275862,0.41379310344827586,0.41379310344827586
124,canonical:124:hhl_indep_qiskit_6.qasm,hhl_indep_qiskit_6.qasm,8e85671201156ad8847e7ed94ad357ff5c5fe20c109174996627107de61a8493,hhl,24,6,26,43,69,43,69,6,26,0.6046511627906976,0.10755040571835017,0.24578265718172354,22,16,5,0.3188405797101449,0.37209302325581395,0.8333333333333334,0.9615384615384616,21,15,5,0.30434782608695654,0.3488372093023256,0.8333333333333334,0.9230769230769231,1,22,16,5,0.3188405797101449,0.37209302325581395,0.8333333333333334,0.9615384615384616,0,0,2,1.1647218142448265e-16,1.1647218142448265e-16,0.10755040571835017,0.24578265718172354,0.37209302325581395,0.3488372093023256,0.37209302325581395,0.37209302325581395
125,canonical:125:hhl_indep_qiskit_7.qasm,hhl_indep_qiskit_7.qasm,4e315bdbfc3a6ec6435d9e6371a6305c392773386678c6aff00bf893b37d344d,hhl,24,7,32,58,95,58,95,7,32,0.6379310344827587,0.09872715265465501,0.2499652791531666,26,19,6,0.2736842105263158,0.3275862068965517,0.8571428571428571,0.96875,25,18,6,0.2631578947368421,0.3103448275862069,0.8571428571428571,0.9375,1,26,19,6,0.2736842105263158,0.3275862068965517,0.8571428571428571,0.96875,0,0,3,1.116709290276899e-16,1.116709290276899e-16,0.09872715265465501,0.2499652791531666,0.3275862068965517,0.3103448275862069,0.3275862068965517,0.3275862068965517
126,canonical:126:hhl_indep_qiskit_8.qasm,hhl_indep_qiskit_8.qasm,9362ccbe836cb7a1009d1993a6ad3d8e8d2634f309e0305deac79b3b959bf7d1,hhl,24,8,38,76,127,76,127,8,38,0.6710526315789473,0.08371055120743394,0.24999066169398892,32,23,7,0.25196850393700787,0.3026315789473684,0.875,0.9736842105263158,31,22,7,0.2440944881889764,0.2894736842105263,0.875,0.9473684210526315,1,32,23,7,0.25196850393700787,0.3026315789473684,0.875,0.9736842105263158,0,0,5,3.281884095148031e-16,3.281884095148031e-16,0.08371055120743394,0.24999066169398892,0.3026315789473684,0.2894736842105263,0.3026315789473684,0.3026315789473684
127,canonical:127:hhl_indep_qiskit_9.qasm,hhl_indep_qiskit_9.qasm,58ab1c4f7001ef94cd3bb205272452784941f51bcbd4d2d82fd6dee9ff4a34f7,hhl,24,9,44,95,161,95,161,9,44,0.6947368421052632,0.07219449584989393,0.249987584927298,36,26,8,0.2236024844720497,0.2736842105263158,0.8888888888888888,0.9772727272727273,35,25,8,0.21739130434782608,0.2631578947368421,0.8888888888888888,0.9545454545454546,1,36,26,8,0.2236024844720497,0.2736842105263158,0.8888888888888888,0.9772727272727273,0,0,7,4.002335206559288e-16,4.002335206559288e-16,0.07219449584989393,0.249987584927298,0.2736842105263158,0.2631578947368421,0.2736842105263158,0.2736842105263158
128,canonical:128:bv_alt_indep_qiskit_12.qasm,bv_alt_indep_qiskit_12.qasm,7d26a7801cf277e5f00ad3170503028177e5a9ecac253a1c6fb85923c7f6b748,bv,24,12,7,16,21,16,21,12,7,0.3125,2.1856232110085148e-101,2.285974782564548e-100,21,16,6,1.0,1.0,0.5,1.0,16,11,6,0.7619047619047619,0.6875,0.5,0.8571428571428571,5,21,16,6,1.0,1.0,0.5,1.0,0,0,1,1.511944040817831e-50,1.511944040817831e-50,2.1856232110085148e-101,2.285974782564548e-100,1.0,0.6875,1.0,1.0
129,canonical:129:hrs_cumulative_multiplier_indep_qiskit_5.qasm,hrs_cumulative_multiplier_indep_qiskit_5.qasm,98770f2768acb143dcc23764ace9b72020c90171454864e859abf96452584253,hrs_cumulative_multiplier,24,5,207,297,417,297,417,5,207,0.40404040404040403,4.1036762484143886e-33,3.081487911019574e-32,417,297,5,1.0,1.0,1.0,1.0,412,294,5,0.988009592326139,0.98989898989899,1.0,0.9951690821256038,5,417,297,5,1.0,1.0,1.0,1.0,0,0,50,1.7554167342883514e-16,1.7554167342883514e-16,4.1036762484143886e-33,3.081487911019574e-32,1.0,0.98989898989899,1.0,1.0
130,canonical:130:hrs_cumulative_multiplier_indep_qiskit_9.qasm,hrs_cumulative_multiplier_indep_qiskit_9.qasm,b6206374bb6029e0a542427f239fd4ef1306f0aaccc5190304e1f148ad4aea78,hrs_cumulative_multiplier,24,9,810,1158,1626,1158,1626,9,810,0.40414507772020725,2.8862340188192454e-32,1.3343387925912366e-31,1626,1158,9,1.0,1.0,1.0,1.0,1617,1153,9,0.9944649446494465,0.9956822107081175,1.0,0.9987654320987654,9,1626,1158,9,1.0,1.0,1.0,1.0,0,0,506,3.6528602390336126e-16,3.6528602390336126e-16,2.8862340188192454e-32,1.3343387925912366e-31,1.0,0.9956822107081175,1.0,1.0
131,canonical:131:modular_adder_indep_qiskit_10.qasm,modular_adder_indep_qiskit_10.qasm,d8f271611ab893b0880cb120ca26b134ba1efd3cf9cec075b927f717cfee2e7f,modular_adder,24,10,110,113,178,113,178,10,110,0.5752212389380531,4.960313020376942e-32,1.992973877778397e-31,178,113,10,1.0,1.0,1.0,1.0,168,112,10,0.9438202247191011,0.9911504424778761,1.0,0.990909090909091,10,178,113,10,1.0,1.0,1.0,1.0,0,0,104,4.464273600238237e-16,4.464273600238237e-16,4.960313020376942e-32,1.992973877778397e-31,1.0,0.9911504424778761,1.0,1.0
132,canonical:132:modular_adder_indep_qiskit_12.qasm,modular_adder_indep_qiskit_12.qasm,a4afe609178734ea3e489d649989395c60d5d4cd4628d4e57f94f221fa965b23,modular_adder,24,12,137,141,222,141,222,12,137,0.574468085106383,5.824372162076823e-32,2.5359797902706856e-31,222,141,12,1.0,1.0,1.0,1.0,210,140,12,0.9459459459459459,0.9929078014184397,1.0,0.9927007299270073,12,222,141,12,1.0,1.0,1.0,1.0,0,0,134,5.035851258993559e-16,5.035851258993559e-16,5.824372162076823e-32,2.5359797902706856e-31,1.0,0.9929078014184397,1.0,1.0
133,canonical:133:modular_adder_indep_qiskit_14.qasm,modular_adder_indep_qiskit_14.qasm,64308ff1bd90dde0f0b9d1e2979140c5805570f26f2d551d77b3244dd003bc72,modular_adder,24,14,164,169,266,169,266,14,164,0.5739644970414202,6.537381413441982e-32,2.960748048878697e-31,266,169,14,1.0,1.0,1.0,1.0,22,11,12,0.08270676691729323,0.0650887573964497,0.8571428571428571,0.06707317073170732,14,36,24,14,0.13533834586466165,0.14201183431952663,1.0,1.0,230,157,6,5.441275630657502e-16,5.441275630657502e-16,6.537381413441982e-32,2.960748048878697e-31,0.14201183431952663,0.0650887573964497,1.0,0.14201183431952663
134,canonical:134:modular_adder_indep_qiskit_4.qasm,modular_adder_indep_qiskit_4.qasm,ba47d876a5d8d5789e15803d0c77f384e0e477585ee07ee376d22dbf593fe626,modular_adder,24,4,11,11,18,11,18,4,11,0.6363636363636364,7.728917148299307e-34,1.5407439555097877e-33,18,11,4,1.0,1.0,1.0,1.0,14,10,3,0.7777777777777778,0.9090909090909091,0.75,0.9090909090909091,4,18,11,4,1.0,1.0,1.0,1.0,0,0,1,3.925231146709437e-17,3.925231146709437e-17,7.728917148299307e-34,1.5407439555097877e-33,1.0,0.9090909090909091,1.0,1.0
135,canonical:135:modular_adder_indep_qiskit_6.qasm,modular_adder_indep_qiskit_6.qasm,888fcf6be8e22ef882f2db591a8e5b3e6cd8b9103bbd7071b27bc897f6d023a2,modular_adder,24,6,16,19,32,19,32,6,16,0.6842105263157895,5.44504916800129e-33,1.848892746611744e-32,32,19,6,1.0,1.0,1.0,1.0,26,18,5,0.8125,0.9473684210526315,0.8333333333333334,0.9375,6,32,19,6,1.0,1.0,1.0,1.0,0,0,3,1.3597399555105177e-16,1.3597399555105177e-16,5.44504916800129e-33,1.848892746611744e-32,1.0,0.9473684210526315,1.0,1.0
136,canonical:136:modular_adder_indep_qiskit_8.qasm,modular_adder_indep_qiskit_8.qasm,10509b52dd4dfece6e7d806e90b7e8f4a6f08f1dcfc976bdffa1313f3a7906a1,modular_adder,24,8,22,32,56,32,56,8,22,0.75,2.4254868426474358e-33,1.848892746611744e-32,56,32,8,1.0,1.0,1.0,1.0,48,31,7,0.8571428571428571,0.96875,0.875,0.9545454545454546,8,56,32,8,1.0,1.0,1.0,1.0,0,0,9,1.3597399555105177e-16,1.3597399555105177e-16,2.4254868426474358e-33,1.848892746611744e-32,1.0,0.96875,1.0,1.0
137,canonical:137:multiplier_indep_qiskit_12.qasm,multiplier_indep_qiskit_12.qasm,f5626d86dac90b92a3c4b3fd813096c236b7c4b8ea92245e2997494ec697f952,multiplier,24,12,625,937,1309,937,1309,12,625,0.39701173959445035,4.7155718265444035e-31,4.1843048594691535e-30,1309,937,12,1.0,1.0,1.0,1.0,1297,930,12,0.9908326967150497,0.9925293489861259,1.0,0.9984,12,1309,937,12,1.0,1.0,1.0,1.0,0,0,853,2.0455573469031054e-15,2.0455573469031054e-15,4.7155718265444035e-31,4.1843048594691535e-30,1.0,0.9925293489861259,1.0,1.0
138,canonical:138:multiplier_indep_qiskit_4.qasm,multiplier_indep_qiskit_4.qasm,86855a9982dba7e0d9c800a96c44a99cca705c7fa2f9146be3f62d32cc8ef97b,multiplier,24,4,36,49,68,49,68,4,36,0.3877551020408163,1.6941896274417204e-32,1.1247712127251773e-31,68,49,4,1.0,1.0,1.0,1.0,64,46,4,0.9411764705882353,0.9387755102040817,1.0,0.9722222222222222,4,68,49,4,1.0,1.0,1.0,1.0,0,0,5,3.353760892975493e-16,3.353760892975493e-16,1.6941896274417204e-32,1.1247712127251773e-31,1.0,0.9387755102040817,1.0,1.0
139,canonical:139:multiplier_indep_qiskit_8.qasm,multiplier_indep_qiskit_8.qasm,b0ff54179dd949419001286adaac6846b7a9dacf387b5c998f62748e522baeb6,multiplier,24,8,194,286,404,286,404,8,194,0.4125874125874126,1.1492757483099224e-31,9.692699374316596e-31,404,286,8,1.0,1.0,1.0,1.0,396,281,8,0.9801980198019802,0.9825174825174825,1.0,0.9948453608247423,8,404,286,8,1.0,1.0,1.0,1.0,0,0,118,9.845150773003263e-16,9.845150773003263e-16,1.1492757483099224e-31,9.692699374316596e-31,1.0,0.9825174825174825,1.0,1.0
140,canonical:140:portfolioqaoa_indep_qiskit_10.qasm,portfolioqaoa_indep_qiskit_10.qasm,51dd6a56f314e6800f2a2ae57df9e2aafcd2ba80e6a55641061d423be4cf37cd,portfolioqaoa,24,10,41,175,310,175,310,10,41,0.7714285714285715,0.1278017905034142,0.24906464942518225,10,10,10,0.03225806451612903,0.05714285714285714,1.0,0.024390243902439025,10,10,10,0.03225806451612903,0.05714285714285714,1.0,0.024390243902439025,0,10,10,10,0.03225806451612903,0.05714285714285714,1.0,0.024390243902439025,0,0,1,4.862123745507978e-15,4.862123745507978e-15,0.1278017905034142,0.24906464942518225,0.05714285714285714,0.05714285714285714,0.05714285714285714,0.05714285714285714
141,canonical:141:portfolioqaoa_indep_qiskit_3.qasm,portfolioqaoa_indep_qiskit_3.qasm,ff32dc04f16719b50ad6d7a54ac2c3cfe119548b367001d062336895a2218036,portfolioqaoa,24,3,13,21,30,21,30,3,13,0.42857142857142855,0.04805219421087306,0.08758710062111222,3,3,3,0.1,0.14285714285714285,1.0,0.07692307692307693,3,3,3,0.1,0.14285714285714285,1.0,0.07692307692307693,0,3,3,3,0.1,0.14285714285714285,1.0,0.07692307692307693,0,0,1,5.551115123125785e-17,5.551115123125785e-17,0.04805219421087306,0.08758710062111222,0.14285714285714285,0.14285714285714285,0.14285714285714285,0.14285714285714285
142,canonical:142:portfolioqaoa_indep_qiskit_4.qasm,portfolioqaoa_indep_qiskit_4.qasm,d33ad87c649e7e310a068ab6043f9b3914509f3d68a2306ef3ccad0dd7f45f93,portfolioqaoa,24,4,17,34,52,34,52,4,17,0.5294117647058824,0.17970762839583,0.23263416319628594,4,4,4,0.07692307692307693,0.11764705882352941,1.0,0.058823529411764705,4,4,4,0.07692307692307693,0.11764705882352941,1.0,0.058823529411764705,0,4,4,4,0.07692307692307693,0.11764705882352941,1.0,0.058823529411764705,0,0,1,1.0245154072492242e-16,1.0245154072492242e-16,0.17970762839583,0.23263416319628594,0.11764705882352941,0.11764705882352941,0.11764705882352941,0.11764705882352941
143,canonical:143:portfolioqaoa_indep_qiskit_5.qasm,portfolioqaoa_indep_qiskit_5.qasm,11a6df60c3e204829daaf1a84fe03c7d7dafb39c81e13cc30536df439f5984ed,portfolioqaoa,24,5,21,50,80,50,80,5,21,0.6,0.1424333596476905,0.2273740503351027,5,5,5,0.0625,0.1,1.0,0.047619047619047616,5,5,5,0.0625,0.1,1.0,0.047619047619047616,0,5,5,5,0.0625,0.1,1.0,0.047619047619047616,0,0,1,1.3597399555105182e-16,1.3597399555105182e-16,0.1424333596476905,0.2273740503351027,0.1,0.1,0.1,0.1
144,canonical:144:portfolioqaoa_indep_qiskit_6.qasm,portfolioqaoa_indep_qiskit_6.qasm,8b65179c923a82fb46c9aabf7c0337f8b307054a2974f8c4152dba982716c6bc,portfolioqaoa,24,6,25,69,114,69,114,6,25,0.6521739130434783,0.18934298370948244,0.249975519995253,6,6,6,0.05263157894736842,0.08695652173913043,1.0,0.04,6,6,6,0.05263157894736842,0.08695652173913043,1.0,0.04,0,6,6,6,0.05263157894736842,0.08695652173913043,1.0,0.04,0,0,1,9.463389583759431e-17,9.463389583759431e-17,0.18934298370948244,0.249975519995253,0.08695652173913043,0.08695652173913043,0.08695652173913043,0.08695652173913043
145,canonical:145:portfolioqaoa_indep_qiskit_7.qasm,portfolioqaoa_indep_qiskit_7.qasm,009bb66abe5693716277cbccce8a9168ff6ae503b623d01b83c0012778ef0485,portfolioqaoa,24,7,29,91,154,91,154,7,29,0.6923076923076923,0.2322376705593842,0.24999997808831853,7,7,7,0.045454545454545456,0.07692307692307693,1.0,0.034482758620689655,7,7,7,0.045454545454545456,0.07692307692307693,1.0,0.034482758620689655,0,7,7,7,0.045454545454545456,0.07692307692307693,1.0,0.034482758620689655,0,0,1,3.443000039352357e-16,3.443000039352357e-16,0.2322376705593842,0.24999997808831853,0.07692307692307693,0.07692307692307693,0.07692307692307693,0.07692307692307693
146,canonical:146:portfolioqaoa_indep_qiskit_8.qasm,portfolioqaoa_indep_qiskit_8.qasm,2b2672aa80d5e1665ea940c9527b1e6a18b7acbfd528dff70e34b5f33d735733,portfolioqaoa,24,8,33,116,200,116,200,8,33,0.7241379310344828,0.19517777411148912,0.24940543894041653,8,8,8,0.04,0.06896551724137931,1.0,0.030303030303030304,8,8,8,0.04,0.06896551724137931,1.0,0.030303030303030304,0,8,8,8,0.04,0.06896551724137931,1.0,0.030303030303030304,0,0,1,5.152610568751411e-16,5.152610568751411e-16,0.19517777411148912,0.24940543894041653,0.06896551724137931,0.06896551724137931,0.06896551724137931,0.06896551724137931
147,canonical:147:portfolioqaoa_indep_qiskit_9.qasm,portfolioqaoa_indep_qiskit_9.qasm,e047575c71506263c0d3dac831f40456cdd56aa382c11688540a98e0947e121a,portfolioqaoa,24,9,37,144,252,144,252,9,37,0.75,0.22787125716182327,0.24999975290286738,9,9,9,0.03571428571428571,0.0625,1.0,0.02702702702702703,9,9,9,0.03571428571428571,0.0625,1.0,0.02702702702702703,0,9,9,9,0.03571428571428571,0.0625,1.0,0.02702702702702703,0,0,1,2.537664992852983e-15,2.537664992852983e-15,0.22787125716182327,0.24999975290286738,0.0625,0.0625,0.0625,0.0625
148,canonical:148:portfoliovqe_indep_qiskit_10.qasm,portfoliovqe_indep_qiskit_10.qasm,0566aea2049f95da0c3b2b33bd2e56694e83dbb8dd0dc0d0a557e6d8c17d26dd,portfoliovqe,24,10,41,175,310,175,310,10,41,0.7714285714285715,0.16963091307395795,0.24939250841546276,10,10,10,0.03225806451612903,0.05714285714285714,1.0,0.024390243902439025,10,10,10,0.03225806451612903,0.05714285714285714,1.0,0.024390243902439025,0,10,10,10,0.03225806451612903,0.05714285714285714,1.0,0.024390243902439025,0,0,1,9.877346008568148e-17,9.877346008568148e-17,0.16963091307395795,0.24939250841546276,0.05714285714285714,0.05714285714285714,0.05714285714285714,0.05714285714285714
149,canonical:149:portfoliovqe_indep_qiskit_3.qasm,portfoliovqe_indep_qiskit_3.qasm,4853dfbaed8c3c52512aac50bc90afc96e4b3a4f833a583f8c9cab3338be0e73,portfoliovqe,24,3,13,21,30,21,30,3,13,0.42857142857142855,0.06997291438010762,0.23643163131802028,3,3,3,0.1,0.14285714285714285,1.0,0.07692307692307693,3,3,3,0.1,0.14285714285714285,1.0,0.07692307692307693,0,3,3,3,0.1,0.14285714285714285,1.0,0.07692307692307693,0,0,1,1.374284938605543e-17,1.374284938605543e-17,0.06997291438010762,0.23643163131802028,0.14285714285714285,0.14285714285714285,0.14285714285714285,0.14285714285714285
150,canonical:150:portfoliovqe_indep_qiskit_4.qasm,portfoliovqe_indep_qiskit_4.qasm,889f68e2613b4c3a3d37572ea171fdd54a74d87a7556046de6b5a2e53f9eb9c4,portfoliovqe,24,4,17,34,52,34,52,4,17,0.5294117647058824,0.0992257991694104,0.20501389378031024,4,4,4,0.07692307692307693,0.11764705882352941,1.0,0.058823529411764705,4,4,4,0.07692307692307693,0.11764705882352941,1.0,0.058823529411764705,0,4,4,4,0.07692307692307693,0.11764705882352941,1.0,0.058823529411764705,0,0,1,4.8511785555484385e-17,4.8511785555484385e-17,0.0992257991694104,0.20501389378031024,0.11764705882352941,0.11764705882352941,0.11764705882352941,0.11764705882352941
151,canonical:151:portfoliovqe_indep_qiskit_5.qasm,portfoliovqe_indep_qiskit_5.qasm,85fd3d07662c4889fc950af811510fb248f7a1b31799e1d136b60a447671fbbe,portfoliovqe,24,5,21,50,80,50,80,5,21,0.6,0.10554588730723928,0.24933629690487352,5,5,5,0.0625,0.1,1.0,0.047619047619047616,5,5,5,0.0625,0.1,1.0,0.047619047619047616,0,5,5,5,0.0625,0.1,1.0,0.047619047619047616,0,0,1,1.855203980911611e-16,1.855203980911611e-16,0.10554588730723928,0.24933629690487352,0.1,0.1,0.1,0.1
152,canonical:152:portfoliovqe_indep_qiskit_6.qasm,portfoliovqe_indep_qiskit_6.qasm,4b960114ed9de25cd14b55b35e99c8fad89c10e9d27927f36a27e947338fc2ca,portfoliovqe,24,6,25,69,114,69,114,6,25,0.6521739130434783,0.11048782779901815,0.24999042983644967,6,6,6,0.05263157894736842,0.08695652173913043,1.0,0.04,6,6,6,0.05263157894736842,0.08695652173913043,1.0,0.04,0,6,6,6,0.05263157894736842,0.08695652173913043,1.0,0.04,0,0,1,6.617000056673958e-17,6.617000056673958e-17,0.11048782779901815,0.24999042983644967,0.08695652173913043,0.08695652173913043,0.08695652173913043,0.08695652173913043
153,canonical:153:portfoliovqe_indep_qiskit_7.qasm,portfoliovqe_indep_qiskit_7.qasm,564d0070cbc8d4460e7e2704faee68d7c1f814f8210bb66108194298e7b2b63f,portfoliovqe,24,7,29,91,154,91,154,7,29,0.6923076923076923,0.1392362096062923,0.24795101945825676,7,7,7,0.045454545454545456,0.07692307692307693,1.0,0.034482758620689655,7,7,7,0.045454545454545456,0.07692307692307693,1.0,0.034482758620689655,0,7,7,7,0.045454545454545456,0.07692307692307693,1.0,0.034482758620689655,0,0,1,9.855855334753079e-17,9.855855334753079e-17,0.1392362096062923,0.24795101945825676,0.07692307692307693,0.07692307692307693,0.07692307692307693,0.07692307692307693
154,canonical:154:portfoliovqe_indep_qiskit_8.qasm,portfoliovqe_indep_qiskit_8.qasm,dac16c705c4a2607b79ed2f48045cf080e410b6c4b1ac76effa6c65291ad203e,portfoliovqe,24,8,33,116,200,116,200,8,33,0.7241379310344828,0.1406880947892403,0.2471745009911816,8,8,8,0.04,0.06896551724137931,1.0,0.030303030303030304,8,8,8,0.04,0.06896551724137931,1.0,0.030303030303030304,0,8,8,8,0.04,0.06896551724137931,1.0,0.030303030303030304,0,0,1,1.0572883720930884e-16,1.0572883720930884e-16,0.1406880947892403,0.2471745009911816,0.06896551724137931,0.06896551724137931,0.06896551724137931,0.06896551724137931
155,canonical:155:portfoliovqe_indep_qiskit_9.qasm,portfoliovqe_indep_qiskit_9.qasm,663ab7186fe58e77b84b44e74c7ae9cdebee12ddaf4c9694a9c8c3797c4228da,portfoliovqe,24,9,37,144,252,144,252,9,37,0.75,0.13286116713658463,0.24600168742709516,9,9,9,0.03571428571428571,0.0625,1.0,0.02702702702702703,9,9,9,0.03571428571428571,0.0625,1.0,0.02702702702702703,0,9,9,9,0.03571428571428571,0.0625,1.0,0.02702702702702703,0,0,1,1.5062976880930302e-16,1.5062976880930302e-16,0.13286116713658463,0.24600168742709516,0.0625,0.0625,0.0625,0.0625
156,canonical:156:qaoa_indep_qiskit_10.qasm,qaoa_indep_qiskit_10.qasm,8a5ac2ebb4fb00265f781a05c1580c7814a6d4bc2be8e751630a397500a85b7c,qaoa,24,10,10,50,70,50,70,10,10,0.4,0.13575971392626016,0.22221370461300138,10,10,10,0.14285714285714285,0.2,1.0,0.1,10,10,10,0.14285714285714285,0.2,1.0,0.1,0,10,10,10,0.14285714285714285,0.2,1.0,0.1,0,0,1,7.94717081341948e-16,7.94717081341948e-16,0.13575971392626016,0.22221370461300138,0.2,0.2,0.2,0.2
157,canonical:157:qaoa_indep_qiskit_3.qasm,qaoa_indep_qiskit_3.qasm,7cfbcf19296f7abdbe3cb07db3d877d4f533e4dec4e7e963dbe30b1d6e92a6f6,qaoa,24,3,9,15,21,15,21,3,9,0.4,0.16568261048032187,0.24519062141629083,3,3,3,0.14285714285714285,0.2,1.0,0.1111111111111111,3,3,3,0.14285714285714285,0.2,1.0,0.1111111111111111,0,3,3,3,0.14285714285714285,0.2,1.0,0.1111111111111111,0,0,1,1.3018518929051675e-16,1.3018518929051675e-16,0.16568261048032187,0.24519062141629083,0.2,0.2,0.2,0.2
158,canonical:158:qaoa_indep_qiskit_4.qasm,qaoa_indep_qiskit_4.qasm,60eaefc255214604af0872fbcbb4f59f1fd7131040d7b867e35b50860c9113c6,qaoa,24,4,8,20,28,20,28,4,8,0.4,0.21428571428434925,0.2499999999999999,4,4,4,0.14285714285714285,0.2,1.0,0.125,4,4,4,0.14285714285714285,0.2,1.0,0.125,0,4,4,4,0.14285714285714285,0.2,1.0,0.125,0,0,1,8.326672684688675e-17,8.326672684688675e-17,0.21428571428434925,0.2499999999999999,0.2,0.2,0.2,0.2
159,canonical:159:qaoa_indep_qiskit_5.qasm,qaoa_indep_qiskit_5.qasm,50c286df3edbcf286ec9f7b45dd940698bb69ca695aedfa3e0e7d6835d09c57b,qaoa,24,5,9,25,35,25,35,5,9,0.4,0.19600746668642186,0.24618225504699193,5,5,5,0.14285714285714285,0.2,1.0,0.1111111111111111,5,5,5,0.14285714285714285,0.2,1.0,0.1111111111111111,0,5,5,5,0.14285714285714285,0.2,1.0,0.1111111111111111,0,0,1,7.148239562089666e-17,7.148239562089666e-17,0.19600746668642186,0.24618225504699193,0.2,0.2,0.2,0.2
160,canonical:160:qaoa_indep_qiskit_6.qasm,qaoa_indep_qiskit_6.qasm,fc0b0ec682ff5ce77622b78fc4ad195d98251722f055f50e009fe18ee3113041,qaoa,24,6,8,30,42,30,42,6,8,0.4,0.20277199686371286,0.24851365773175818,6,6,6,0.14285714285714285,0.2,1.0,0.125,6,6,6,0.14285714285714285,0.2,1.0,0.125,0,6,6,6,0.14285714285714285,0.2,1.0,0.125,0,0,1,1.6768594809361232e-16,1.6768594809361232e-16,0.20277199686371286,0.24851365773175818,0.2,0.2,0.2,0.2
161,canonical:161:qaoa_indep_qiskit_7.qasm,qaoa_indep_qiskit_7.qasm,d67a5b82ca08c30bb65f4c35df0d46b5a5377d9dacfdeabadb28064ee1420cc8,qaoa,24,7,9,35,49,35,49,7,9,0.4,0.1968072556963415,0.2499999257924611,7,7,7,0.14285714285714285,0.2,1.0,0.1111111111111111,7,7,7,0.14285714285714285,0.2,1.0,0.1111111111111111,0,7,7,7,0.14285714285714285,0.2,1.0,0.1111111111111111,0,0,1,1.3597399555105177e-16,1.3597399555105177e-16,0.1968072556963415,0.2499999257924611,0.2,0.2,0.2,0.2
162,canonical:162:qaoa_indep_qiskit_8.qasm,qaoa_indep_qiskit_8.qasm,493199c7c5d7adadafb4ed0ebd1fbab0cff23bc7f2e68533cbb3e80c5ffa14c4,qaoa,24,8,8,40,56,40,56,8,8,0.4,0.2027767223154611,0.24851857449254053,8,8,8,0.14285714285714285,0.2,1.0,0.125,8,8,8,0.14285714285714285,0.2,1.0,0.125,0,8,8,8,0.14285714285714285,0.2,1.0,0.125,0,0,1,3.414525670334983e-16,3.414525670334983e-16,0.2027767223154611,0.24851857449254053,0.2,0.2,0.2,0.2
163,canonical:163:qaoa_indep_qiskit_9.qasm,qaoa_indep_qiskit_9.qasm,3287806dfd0faabdbbaddbe262b2175c651e279cbf4fefbccb2a855c144c0325,qaoa,24,9,9,45,63,45,63,9,9,0.4,0.20276961469778762,0.24850834063449556,9,9,9,0.14285714285714285,0.2,1.0,0.1111111111111111,9,9,9,0.14285714285714285,0.2,1.0,0.1111111111111111,0,9,9,9,0.14285714285714285,0.2,1.0,0.1111111111111111,0,0,1,2.545968964673035e-16,2.545968964673035e-16,0.20276961469778762,0.24850834063449556,0.2,0.2,0.2,0.2
164,canonical:164:qftentangled_indep_qiskit_10.qasm,qftentangled_indep_qiskit_10.qasm,56c4f798189f18ff8070e0f67f5b59f12f9c194f33fc462d73d785ad6276d763,qftentangled,24,10,22,70,129,70,129,10,22,0.8428571428571429,0.15405443055974458,0.2499999999999999,1,1,1,0.007751937984496124,0.014285714285714285,0.1,0.045454545454545456,1,1,1,0.007751937984496124,0.014285714285714285,0.1,0.045454545454545456,0,1,1,1,0.007751937984496124,0.014285714285714285,0.1,0.045454545454545456,0,0,1,0.0,0.0,0.15405443055974458,0.2499999999999999,0.014285714285714285,0.014285714285714285,0.014285714285714285,0.014285714285714285
165,canonical:165:qftentangled_indep_qiskit_11.qasm,qftentangled_indep_qiskit_11.qasm,3247bcc0eae0810b2e7629cbed14737e3d7f1b21dde8e54882718afd0c7d38e9,qftentangled,24,11,23,77,142,77,142,11,23,0.8441558441558441,0.16179115569615135,0.2499999999999999,1,1,1,0.007042253521126761,0.012987012987012988,0.09090909090909091,0.043478260869565216,1,1,1,0.007042253521126761,0.012987012987012988,0.09090909090909091,0.043478260869565216,0,1,1,1,0.007042253521126761,0.012987012987012988,0.09090909090909091,0.043478260869565216,0,0,1,0.0,0.0,0.16179115569615135,0.2499999999999999,0.012987012987012988,0.012987012987012988,0.012987012987012988,0.012987012987012988
166,canonical:166:qftentangled_indep_qiskit_12.qasm,qftentangled_indep_qiskit_12.qasm,9838aef77490d21d218f8113a6be2e4bcdce766bb5f820396d6972f23df6b894,qftentangled,24,12,25,90,167,90,167,12,25,0.8555555555555555,0.15957290661260856,0.2499999999999999,1,1,1,0.005988023952095809,0.011111111111111112,0.08333333333333333,0.04,1,1,1,0.005988023952095809,0.011111111111111112,0.08333333333333333,0.04,0,1,1,1,0.005988023952095809,0.011111111111111112,0.08333333333333333,0.04,0,0,1,0.0,0.0,0.15957290661260856,0.2499999999999999,0.011111111111111112,0.011111111111111112,0.011111111111111112,0.011111111111111112
167,canonical:167:qftentangled_indep_qiskit_13.qasm,qftentangled_indep_qiskit_13.qasm,0828037b97d56484646df21f6237163fe7209e5bb42013b28f8235e054049724,qftentangled,24,13,27,104,194,104,194,13,27,0.8653846153846154,0.15759281776864886,0.2499999999999999,1,1,1,0.005154639175257732,0.009615384615384616,0.07692307692307693,0.037037037037037035,1,1,1,0.005154639175257732,0.009615384615384616,0.07692307692307693,0.037037037037037035,0,1,1,1,0.005154639175257732,0.009615384615384616,0.07692307692307693,0.037037037037037035,0,0,1,0.0,0.0,0.15759281776864886,0.2499999999999999,0.009615384615384616,0.009615384615384616,0.009615384615384616,0.009615384615384616
168,canonical:168:qftentangled_indep_qiskit_14.qasm,qftentangled_indep_qiskit_14.qasm,c6cfe938b562ac68e7e90e2ba2db55ede1d0e3c5c4726ef3b9d8a5de43278a6c,qftentangled,24,14,29,119,223,119,223,14,29,0.8739495798319328,0.15581765864022493,0.2499999999999999,1,1,1,0.004484304932735426,0.008403361344537815,0.07142857142857142,0.034482758620689655,1,1,1,0.004484304932735426,0.008403361344537815,0.07142857142857142,0.034482758620689655,0,1,1,1,0.004484304932735426,0.008403361344537815,0.07142857142857142,0.034482758620689655,0,0,1,0.0,0.0,0.15581765864022493,0.2499999999999999,0.008403361344537815,0.008403361344537815,0.008403361344537815,0.008403361344537815
169,canonical:169:qftentangled_indep_qiskit_3.qasm,qftentangled_indep_qiskit_3.qasm,e5b519e9fc408ee1a8826ab02ce71fa56a4f3e5547bd57eb805e052b8cfc64f4,qftentangled,24,3,8,10,16,10,16,3,8,0.6,0.1720712989519302,0.2499999999999999,1,1,1,0.0625,0.1,0.3333333333333333,0.125,1,1,1,0.0625,0.1,0.3333333333333333,0.125,0,1,1,1,0.0625,0.1,0.3333333333333333,0.125,0,0,1,0.0,0.0,0.1720712989519302,0.2499999999999999,0.1,0.1,0.1,0.1
170,canonical:170:qftentangled_indep_qiskit_4.qasm,qftentangled_indep_qiskit_4.qasm,3b26fb11ae126c5fc34a08c6805db0ce3277bef9b37b61322f7b553b30fa4e52,qftentangled,24,4,10,16,27,16,27,4,10,0.6875,0.1692949988162766,0.2499999999999999,1,1,1,0.037037037037037035,0.0625,0.25,0.1,1,1,1,0.037037037037037035,0.0625,0.25,0.1,0,1,1,1,0.037037037037037035,0.0625,0.25,0.1,0,0,1,0.0,0.0,0.1692949988162766,0.2499999999999999,0.0625,0.0625,0.0625,0.0625
171,canonical:171:qftentangled_indep_qiskit_5.qasm,qftentangled_indep_qiskit_5.qasm,555308f94d8e7ad551564c1d668bf8eef5a7d90085efedafd6de52681b833a8b,qftentangled,24,5,12,22,38,22,38,5,12,0.7272727272727273,0.17008531088089396,0.2499999999999999,1,1,1,0.02631578947368421,0.045454545454545456,0.2,0.08333333333333333,1,1,1,0.02631578947368421,0.045454545454545456,0.2,0.08333333333333333,0,1,1,1,0.02631578947368421,0.045454545454545456,0.2,0.08333333333333333,0,0,1,0.0,0.0,0.17008531088089396,0.2499999999999999,0.045454545454545456,0.045454545454545456,0.045454545454545456,0.045454545454545456
172,canonical:172:qftentangled_indep_qiskit_6.qasm,qftentangled_indep_qiskit_6.qasm,8e39c1976d19a606ec0becc30b7f49020aa5bdc244f88f25365f53bfcec57f51,qftentangled,24,6,14,30,53,30,53,6,14,0.7666666666666667,0.16368528347984174,0.2499999999999999,1,1,1,0.018867924528301886,0.03333333333333333,0.16666666666666666,0.07142857142857142,1,1,1,0.018867924528301886,0.03333333333333333,0.16666666666666666,0.07142857142857142,0,1,1,1,0.018867924528301886,0.03333333333333333,0.16666666666666666,0.07142857142857142,0,0,1,0.0,0.0,0.16368528347984174,0.2499999999999999,0.03333333333333333,0.03333333333333333,0.03333333333333333,0.03333333333333333
173,canonical:173:qftentangled_indep_qiskit_7.qasm,qftentangled_indep_qiskit_7.qasm,f66066ed56d51323fbbdde129738c8b19507b932b65df84f49b790fa5c29cdb1,qftentangled,24,7,16,38,68,38,68,7,16,0.7894736842105263,0.1630944084950302,0.2499999999999999,1,1,1,0.014705882352941176,0.02631578947368421,0.14285714285714285,0.0625,1,1,1,0.014705882352941176,0.02631578947368421,0.14285714285714285,0.0625,0,1,1,1,0.014705882352941176,0.02631578947368421,0.14285714285714285,0.0625,0,0,1,0.0,0.0,0.1630944084950302,0.2499999999999999,0.02631578947368421,0.02631578947368421,0.02631578947368421,0.02631578947368421
174,canonical:174:qftentangled_indep_qiskit_8.qasm,qftentangled_indep_qiskit_8.qasm,48fde40158fc18bc7b6e5b3db9015bc8f93b8f3cc12d8b961f9fb0568ed369a3,qftentangled,24,8,18,48,87,48,87,8,18,0.8125,0.15832571198348855,0.2499999999999999,1,1,1,0.011494252873563218,0.020833333333333332,0.125,0.05555555555555555,1,1,1,0.011494252873563218,0.020833333333333332,0.125,0.05555555555555555,0,1,1,1,0.011494252873563218,0.020833333333333332,0.125,0.05555555555555555,0,0,1,0.0,0.0,0.15832571198348855,0.2499999999999999,0.020833333333333332,0.020833333333333332,0.020833333333333332,0.020833333333333332
175,canonical:175:qftentangled_indep_qiskit_9.qasm,qftentangled_indep_qiskit_9.qasm,c4d10a0fb339c3707858421238f9f7aef11602db7d45a941287f1635d15d4fc9,qftentangled,24,9,20,58,106,58,106,9,20,0.8275862068965517,0.15751211365299483,0.2499999999999999,1,1,1,0.009433962264150943,0.017241379310344827,0.1111111111111111,0.05,1,1,1,0.009433962264150943,0.017241379310344827,0.1111111111111111,0.05,0,1,1,1,0.009433962264150943,0.017241379310344827,0.1111111111111111,0.05,0,0,1,0.0,0.0,0.15751211365299483,0.2499999999999999,0.017241379310344827,0.017241379310344827,0.017241379310344827,0.017241379310344827
176,canonical:176:qft_indep_qiskit_10.qasm,qft_indep_qiskit_10.qasm,3e497be74b5091b21b618c04a60dbe6a65cae32b7cd0cb92e3ad483d1b553f77,qft,24,10,20,60,110,60,110,10,20,0.8333333333333334,4.475863652882276e-30,3.6539651703107073e-29,110,60,10,1.0,1.0,1.0,1.0,100,55,10,0.9090909090909091,0.9166666666666666,1.0,0.95,10,110,60,10,1.0,1.0,1.0,1.0,0,0,21,6.044803694340013e-15,6.044803694340013e-15,4.475863652882276e-30,3.6539651703107073e-29,1.0,0.9166666666666666,1.0,1.0
177,canonical:177:qft_indep_qiskit_11.qasm,qft_indep_qiskit_11.qasm,9c86146a3e823c37df55d116025d79828babe80fdc83de9690e0a6461e28c030,qft,24,11,21,66,121,66,121,11,21,0.8333333333333334,4.21734453948346e-30,3.653965170310709e-29,121,66,11,1.0,1.0,1.0,1.0,110,65,11,0.9090909090909091,0.9848484848484849,1.0,0.9523809523809523,11,121,66,11,1.0,1.0,1.0,1.0,0,0,31,6.0448036943400146e-15,6.0448036943400146e-15,4.21734453948346e-30,3.653965170310709e-29,1.0,0.9848484848484849,1.0,1.0
178,canonical:178:qft_indep_qiskit_12.qasm,qft_indep_qiskit_12.qasm,4f12b57f6d9786f8b570ad06a97275480475f910501370ddd660f4e9995f609f,qft,24,12,23,78,144,78,144,12,23,0.8461538461538461,5.64723388222604e-30,1.0541242769812403e-28,144,78,12,1.0,1.0,1.0,1.0,132,77,12,0.9166666666666666,0.9871794871794872,1.0,0.9565217391304348,12,144,78,12,1.0,1.0,1.0,1.0,0,0,46,1.026705545412715e-14,1.026705545412715e-14,5.64723388222604e-30,1.0541242769812403e-28,1.0,0.9871794871794872,1.0,1.0
179,canonical:179:qft_indep_qiskit_13.qasm,qft_indep_qiskit_13.qasm,3f24ff8325bd3c17aea22dee53cbdf99327f06d4a0b727af714e0fa752ec0747,qft,24,13,25,91,169,91,169,13,25,0.8571428571428571,1.6839796300839022e-29,7.677747634237564e-28,169,91,13,1.0,1.0,1.0,1.0,144,78,12,0.8520710059171598,0.8571428571428571,0.9230769230769231,0.92,13,157,91,13,0.9289940828402367,1.0,1.0,1.0,12,12,51,2.7708748860670608e-14,2.7708748860670608e-14,1.6839796300839022e-29,7.677747634237564e-28,1.0,0.8571428571428571,1.0,1.0
180,canonical:180:qft_indep_qiskit_14.qasm,qft_indep_qiskit_14.qasm,de9e79e1f366fa5c7b8976ef7f166f15640bd76a96b11375b5dba7f3d892edb7,qft,24,14,27,105,196,105,196,14,27,0.8666666666666667,7.372947733461141e-29,1.6239800582332055e-27,196,105,14,1.0,1.0,1.0,1.0,143,77,12,0.7295918367346939,0.7333333333333333,0.8571428571428571,0.8148148148148148,14,157,91,14,0.8010204081632653,0.8666666666666667,1.0,1.0,39,27,54,4.0298635935144774e-14,4.0298635935144774e-14,7.372947733461141e-29,1.6239800582332055e-27,0.8666666666666667,0.7333333333333333,1.0,0.8666666666666667
181,canonical:181:qft_indep_qiskit_3.qasm,qft_indep_qiskit_3.qasm,1d9f8307aeb97fbe152f9e557a4af72aefa73a6731fc33dee621149aaae3d318,qft,24,3,6,7,11,7,11,3,6,0.5714285714285714,5.462637660443789e-33,1.848892746611744e-32,11,7,3,1.0,1.0,1.0,1.0,8,6,3,0.7272727272727273,0.8571428571428571,1.0,0.8333333333333334,3,11,7,3,1.0,1.0,1.0,1.0,0,0,1,1.3597399555105177e-16,1.3597399555105177e-16,5.462637660443789e-33,1.848892746611744e-32,1.0,0.8571428571428571,1.0,1.0
182,canonical:182:qft_indep_qiskit_4.qasm,qft_indep_qiskit_4.qasm,45812e4e2250264b8bde63572c88ac67474c10607143ab8259a99d529ef52489,qft,24,4,8,12,20,12,20,4,8,0.6666666666666666,4.602972567085488e-33,1.848892746611744e-32,20,12,4,1.0,1.0,1.0,1.0,16,10,4,0.8,0.8333333333333334,1.0,0.875,4,20,12,4,1.0,1.0,1.0,1.0,0,0,1,1.3597399555105177e-16,1.3597399555105177e-16,4.602972567085488e-33,1.848892746611744e-32,1.0,0.8333333333333334,1.0,1.0
183,canonical:183:qft_indep_qiskit_6.qasm,qft_indep_qiskit_6.qasm,8d7e8066205031814a264e97c8bb8c26fb2c47ee04c3ed13fede3f9f6dc13530,qft,24,6,12,24,42,24,42,6,12,0.75,3.733552763619254e-32,1.910522504832137e-31,42,24,6,1.0,1.0,1.0,1.0,36,21,6,0.8571428571428571,0.875,1.0,0.9166666666666666,6,42,24,6,1.0,1.0,1.0,1.0,0,0,4,4.370952418903844e-16,4.370952418903844e-16,3.733552763619254e-32,1.910522504832137e-31,1.0,0.875,1.0,1.0
184,canonical:184:qft_indep_qiskit_7.qasm,qft_indep_qiskit_7.qasm,76b8e384b325fd03b6fa5355f8b80ed15556c2c605659d08ef896d039f4db22b,qft,24,7,14,31,55,31,55,7,14,0.7741935483870968,4.78138371375191e-32,1.910522504832137e-31,55,31,7,1.0,1.0,1.0,1.0,48,28,7,0.8727272727272727,0.9032258064516129,1.0,0.9285714285714286,7,55,31,7,1.0,1.0,1.0,1.0,0,0,6,4.370952418903844e-16,4.370952418903844e-16,4.78138371375191e-32,1.910522504832137e-31,1.0,0.9032258064516129,1.0,1.0
185,canonical:185:qft_indep_qiskit_8.qasm,qft_indep_qiskit_8.qasm,aabc46202a991fe60ec26b0726af5a6c9ddc91a5ab9f79b6e04d8152e0f2da97,qft,24,8,16,40,72,40,72,8,16,0.8,3.8258999580657467e-31,2.751672408043259e-30,72,40,8,1.0,1.0,1.0,1.0,64,36,8,0.8888888888888888,0.9,1.0,0.9375,8,72,40,8,1.0,1.0,1.0,1.0,0,0,9,1.6588165685341077e-15,1.6588165685341077e-15,3.8258999580657467e-31,2.751672408043259e-30,1.0,0.9,1.0,1.0
186,canonical:186:qft_indep_qiskit_9.qasm,qft_indep_qiskit_9.qasm,9f75623d11caf45e581c52fe8fab9d7e4e4bc97b013df9357f1187a43321463b,qft,24,9,18,49,89,49,89,9,18,0.8163265306122449,9.451977274650871e-31,6.2862353384799294e-30,89,49,9,1.0,1.0,1.0,1.0,80,45,9,0.898876404494382,0.9183673469387755,1.0,0.9444444444444444,9,89,49,9,1.0,1.0,1.0,1.0,0,0,14,2.507236594037328e-15,2.507236594037328e-15,9.451977274650871e-31,6.2862353384799294e-30,1.0,0.9183673469387755,1.0,1.0
187,canonical:187:qnn_indep_qiskit_10.qasm,qnn_indep_qiskit_10.qasm,8e7b37c5d5f9def5a03323100346f71766ad5405d8716cf4e66e4ee00ffa2f17,qnn,24,10,94,319,508,319,508,10,94,0.5924764890282131,0.14041304867709264,0.2465759887597552,10,10,10,0.01968503937007874,0.03134796238244514,1.0,0.010638297872340425,10,10,10,0.01968503937007874,0.03134796238244514,1.0,0.010638297872340425,0,10,10,10,0.01968503937007874,0.03134796238244514,1.0,0.010638297872340425,0,0,1,3.3330547630289765e-15,3.3330547630289765e-15,0.14041304867709264,0.2465759887597552,0.03134796238244514,0.03134796238244514,0.03134796238244514,0.03134796238244514
188,canonical:188:qnn_indep_qiskit_11.qasm,qnn_indep_qiskit_11.qasm,b1de1911394a0859a417e7142039640382343cf789afbf6bac94cfd694af9ad1,qnn,24,11,12,32,42,32,42,11,12,0.3125,0.08997897146409056,0.20354199014352323,11,11,11,0.2619047619047619,0.34375,1.0,0.08333333333333333,11,11,11,0.2619047619047619,0.34375,1.0,0.08333333333333333,0,11,11,11,0.2619047619047619,0.34375,1.0,0.08333333333333333,0,0,1,6.755933929812566e-16,6.755933929812566e-16,0.08997897146409056,0.20354199014352323,0.34375,0.34375,0.34375,0.34375
189,canonical:189:qnn_indep_qiskit_12.qasm,qnn_indep_qiskit_12.qasm,2246a162bfca2d72eddb989e7ef2c0e29fd6616f0f0c4e55293a1f65b9735d17,qnn,24,12,13,35,46,35,46,12,13,0.3142857142857143,0.12564162319056826,0.24970617016833802,12,12,12,0.2608695652173913,0.34285714285714286,1.0,0.07692307692307693,12,12,12,0.2608695652173913,0.34285714285714286,1.0,0.07692307692307693,0,12,12,12,0.2608695652173913,0.34285714285714286,1.0,0.07692307692307693,0,0,1,4.078586024073921e-16,4.078586024073921e-16,0.12564162319056826,0.24970617016833802,0.34285714285714286,0.34285714285714286,0.34285714285714286,0.34285714285714286
190,canonical:190:qnn_indep_qiskit_13.qasm,qnn_indep_qiskit_13.qasm,19ccd2fa41c66a631b65eaca0bf4eff205aba858db1ec5237b7c64c4c41a09b2,qnn,24,13,14,38,50,38,50,13,14,0.3157894736842105,0.14809907949209936,0.24999927343619668,13,13,13,0.26,0.34210526315789475,1.0,0.07142857142857142,13,13,13,0.26,0.34210526315789475,1.0,0.07142857142857142,0,13,13,13,0.26,0.34210526315789475,1.0,0.07142857142857142,0,0,1,5.029357602455951e-16,5.029357602455951e-16,0.14809907949209936,0.24999927343619668,0.34210526315789475,0.34210526315789475,0.34210526315789475,0.34210526315789475
191,canonical:191:qnn_indep_qiskit_14.qasm,qnn_indep_qiskit_14.qasm,12ffc4466673fb0b3d2dd494028b9f25089f90fffe62bcde91a3f7ab43a39b5b,qnn,24,14,15,41,54,41,54,14,15,0.3170731707317073,0.11677254018179412,0.2349707664543068,14,14,14,0.25925925925925924,0.34146341463414637,1.0,0.06666666666666667,14,14,14,0.25925925925925924,0.34146341463414637,1.0,0.06666666666666667,0,14,14,14,0.25925925925925924,0.34146341463414637,1.0,0.06666666666666667,0,0,1,8.816925852894993e-16,8.816925852894993e-16,0.11677254018179412,0.2349707664543068,0.34146341463414637,0.34146341463414637,0.34146341463414637,0.34146341463414637
192,canonical:192:qnn_indep_qiskit_3.qasm,qnn_indep_qiskit_3.qasm,9ab8eba48e0caccc73aeb8fa464b3cc8ad23ad8ec8119de5c05b93a2da77ad07,qnn,24,3,24,32,46,32,46,3,24,0.4375,0.08329786561045294,0.2111208648455132,3,3,3,0.06521739130434782,0.09375,1.0,0.041666666666666664,3,3,3,0.06521739130434782,0.09375,1.0,0.041666666666666664,0,3,3,3,0.06521739130434782,0.09375,1.0,0.041666666666666664,0,0,1,6.283435673255384e-17,6.283435673255384e-17,0.08329786561045294,0.2111208648455132,0.09375,0.09375,0.09375,0.09375
193,canonical:193:qnn_indep_qiskit_4.qasm,qnn_indep_qiskit_4.qasm,91d42ec0dd91008f980102d9745d9129d2d1f208d34c2bee20371fc59af92df3,qnn,24,4,34,55,82,55,82,4,34,0.4909090909090909,0.07505451596123751,0.2135368918875509,4,4,4,0.04878048780487805,0.07272727272727272,1.0,0.029411764705882353,4,4,4,0.04878048780487805,0.07272727272727272,1.0,0.029411764705882353,0,4,4,4,0.04878048780487805,0.07272727272727272,1.0,0.029411764705882353,0,0,1,1.0245154072492241e-16,1.0245154072492241e-16,0.07505451596123751,0.2135368918875509,0.07272727272727272,0.07272727272727272,0.07272727272727272,0.07272727272727272
194,canonical:194:qnn_indep_qiskit_5.qasm,qnn_indep_qiskit_5.qasm,c15deb3c530c6a589091616ad07076b465b1ac96ba5b2fda0d7325aab2d1bd0f,qnn,24,5,44,84,128,84,128,5,44,0.5238095238095238,0.10281780048193434,0.21580278218800092,5,5,5,0.0390625,0.05952380952380952,1.0,0.022727272727272728,5,5,5,0.0390625,0.05952380952380952,1.0,0.022727272727272728,0,5,5,5,0.0390625,0.05952380952380952,1.0,0.022727272727272728,0,0,1,1.1847031049896838e-16,1.1847031049896838e-16,0.10281780048193434,0.21580278218800092,0.05952380952380952,0.05952380952380952,0.05952380952380952,0.05952380952380952
195,canonical:195:qnn_indep_qiskit_6.qasm,qnn_indep_qiskit_6.qasm,a3bd50bb03cbf1759ee2b8a9e7e5ac743009cf4b01dbf2ab4b1ebbfe25f215b1,qnn,24,6,54,119,184,119,184,6,54,0.5462184873949579,0.10058871463574329,0.21792786554358365,6,6,6,0.03260869565217391,0.05042016806722689,1.0,0.018518518518518517,6,6,6,0.03260869565217391,0.05042016806722689,1.0,0.018518518518518517,0,6,6,6,0.03260869565217391,0.05042016806722689,1.0,0.018518518518518517,0,0,1,2.563519861852804e-16,2.563519861852804e-16,0.10058871463574329,0.21792786554358365,0.05042016806722689,0.05042016806722689,0.05042016806722689,0.05042016806722689
196,canonical:196:qnn_indep_qiskit_7.qasm,qnn_indep_qiskit_7.qasm,2616f3d543baea00a42b991bf0b1f1e35403ddb4bebe0e9f8cb4465bd588bf3d,qnn,24,7,64,160,250,160,250,7,64,0.5625,0.12310214069172275,0.2199208919788341,7,7,7,0.028,0.04375,1.0,0.015625,7,7,7,0.028,0.04375,1.0,0.015625,0,7,7,7,0.028,0.04375,1.0,0.015625,0,0,1,4.819285364355882e-16,4.819285364355882e-16,0.12310214069172275,0.2199208919788341,0.04375,0.04375,0.04375,0.04375
197,canonical:197:qnn_indep_qiskit_8.qasm,qnn_indep_qiskit_8.qasm,d9c2df5bd15214b80cc1ededfce75dca5ec2c888287bf0aa923db8e06f7e44c7,qnn,24,8,74,207,326,207,326,8,74,0.5748792270531401,0.12210268712498697,0.22179006777430288,8,8,8,0.024539877300613498,0.03864734299516908,1.0,0.013513513513513514,8,8,8,0.024539877300613498,0.03864734299516908,1.0,0.013513513513513514,0,8,8,8,0.024539877300613498,0.03864734299516908,1.0,0.013513513513513514,0,0,1,4.819285364355882e-16,4.819285364355882e-16,0.12210268712498697,0.22179006777430288,0.03864734299516908,0.03864734299516908,0.03864734299516908,0.03864734299516908
198,canonical:198:qnn_indep_qiskit_9.qasm,qnn_indep_qiskit_9.qasm,1f6c01d7b34693d6346814b4e362c5be41184650f3cbe317f76c05d16009f5b9,qnn,24,9,84,260,412,260,412,9,84,0.5846153846153846,0.13852639484632615,0.22687476216670552,9,9,9,0.021844660194174758,0.03461538461538462,1.0,0.011904761904761904,9,9,9,0.021844660194174758,0.03461538461538462,1.0,0.011904761904761904,0,9,9,9,0.021844660194174758,0.03461538461538462,1.0,0.011904761904761904,0,0,1,1.4120254833611687e-15,1.4120254833611687e-15,0.13852639484632615,0.22687476216670552,0.03461538461538462,0.03461538461538462,0.03461538461538462,0.03461538461538462
199,canonical:199:qpeexact_indep_qiskit_10.qasm,qpeexact_indep_qiskit_10.qasm,093794924bbdc4eab14407b94421453cb28f9b94e5b144d8e1d00ab6e6515fc3,qpeexact,24,10,24,66,113,66,113,10,24,0.7121212121212122,2.1045254044310635e-31,6.983421978348107e-30,113,66,10,1.0,1.0,1.0,1.0,104,65,10,0.9203539823008849,0.9848484848484849,1.0,0.9583333333333334,9,113,66,10,1.0,1.0,1.0,1.0,0,0,41,2.642616502322666e-15,2.642616502322666e-15,2.1045254044310635e-31,6.983421978348107e-30,1.0,0.9848484848484849,1.0,1.0
200,canonical:200:qpeexact_indep_qiskit_11.qasm,qpeexact_indep_qiskit_11.qasm,3ea6058538a227253cf7e8cbf5108a09adce7736e4c86a4754bea42c8a1753d9,qpeexact,24,11,30,76,131,76,131,11,30,0.7236842105263158,1.267591821588868e-30,3.6539651703107073e-29,131,76,11,1.0,1.0,1.0,1.0,121,75,11,0.9236641221374046,0.9868421052631579,1.0,0.9666666666666667,10,131,76,11,1.0,1.0,1.0,1.0,0,0,57,6.044803694340013e-15,6.044803694340013e-15,1.267591821588868e-30,3.6539651703107073e-29,1.0,0.9868421052631579,1.0,1.0
201,canonical:201:qpeexact_indep_qiskit_12.qasm,qpeexact_indep_qiskit_12.qasm,f576107575478e95877fa22d63c7220fcd0100b3cf56c1d3305e7e7068c895dd,qpeexact,24,12,31,86,151,86,151,12,31,0.7558139534883721,1.562626321165428e-30,3.6539651703107073e-29,151,86,12,1.0,1.0,1.0,1.0,140,85,12,0.9271523178807947,0.9883720930232558,1.0,0.967741935483871,11,151,86,12,1.0,1.0,1.0,1.0,0,0,68,6.044803694340013e-15,6.044803694340013e-15,1.562626321165428e-30,3.6539651703107073e-29,1.0,0.9883720930232558,1.0,1.0
202,canonical:202:qpeexact_indep_qiskit_13.qasm,qpeexact_indep_qiskit_13.qasm,ccdcfc47c3d68c133c8806d6ec8e74cedba27dff25c5c9896dbf639d93369dd8,qpeexact,24,13,32,99,175,99,175,13,32,0.7676767676767676,1.9799823956268944e-30,3.6539651703107073e-29,175,99,13,1.0,1.0,1.0,1.0,143,78,13,0.8171428571428572,0.7878787878787878,1.0,0.90625,12,155,90,13,0.8857142857142857,0.9090909090909091,1.0,1.0,20,20,59,6.044803694340013e-15,6.044803694340013e-15,1.9799823956268944e-30,3.6539651703107073e-29,0.9090909090909091,0.7878787878787878,1.0,0.9090909090909091
203,canonical:203:qpeexact_indep_qiskit_14.qasm,qpeexact_indep_qiskit_14.qasm,86271a5a35f609c01c95c4fc997c9b34c77eabd8e08ddb8ffe879fe099f2501a,qpeexact,24,14,33,113,201,113,201,14,33,0.7787610619469026,3.654253253567773e-30,1.0541242769812403e-28,201,113,14,1.0,1.0,1.0,1.0,41,28,14,0.20398009950248755,0.24778761061946902,1.0,0.3333333333333333,13,54,41,14,0.26865671641791045,0.36283185840707965,1.0,1.0,147,84,5,1.026705545412715e-14,1.026705545412715e-14,3.654253253567773e-30,1.0541242769812403e-28,0.36283185840707965,0.24778761061946902,1.0,0.36283185840707965
204,canonical:204:qpeexact_indep_qiskit_3.qasm,qpeexact_indep_qiskit_3.qasm,b6216eaf206e50e5e589155573640950ec59507a34f3d09aa1625746b49a317d,qpeexact,24,3,6,8,11,8,11,3,6,0.375,3.843336514439013e-33,1.2325951644078304e-32,11,8,3,1.0,1.0,1.0,1.0,9,7,3,0.8181818181818182,0.875,1.0,0.8333333333333334,2,11,8,3,1.0,1.0,1.0,1.0,0,0,1,1.1102230246251565e-16,1.1102230246251565e-16,3.843336514439013e-33,1.2325951644078304e-32,1.0,0.875,1.0,1.0
205,canonical:205:qpeexact_indep_qiskit_4.qasm,qpeexact_indep_qiskit_4.qasm,0d89c20c94656e01e56649ff5c8ee04f66affc49a54e193572d31538f1a785a1,qpeexact,24,4,8,12,17,12,17,4,8,0.4166666666666667,1.3676918363163113e-33,1.848892746611744e-32,17,12,4,1.0,1.0,1.0,1.0,14,11,4,0.8235294117647058,0.9166666666666666,1.0,0.875,3,17,12,4,1.0,1.0,1.0,1.0,0,0,1,1.3597399555105177e-16,1.3597399555105177e-16,1.3676918363163113e-33,1.848892746611744e-32,1.0,0.9166666666666666,1.0,1.0
206,canonical:206:qpeexact_indep_qiskit_5.qasm,qpeexact_indep_qiskit_5.qasm,9125961e4d30de6abd584d4f4eb18964e54d0d7941b8077e8de926f9a8111619,qpeexact,24,5,13,21,33,21,33,5,13,0.5714285714285714,7.685332133218661e-33,4.5478632459961324e-32,33,21,5,1.0,1.0,1.0,1.0,29,20,5,0.8787878787878788,0.9523809523809523,1.0,0.9230769230769231,4,33,21,5,1.0,1.0,1.0,1.0,0,0,3,2.132571979089132e-16,2.132571979089132e-16,7.685332133218661e-33,4.5478632459961324e-32,1.0,0.9523809523809523,1.0,1.0
207,canonical:207:qpeexact_indep_qiskit_6.qasm,qpeexact_indep_qiskit_6.qasm,9a4cfa6bf30169f6db34ff6f83129cf6d3bfeb288d97e0e0cf0b6281480d95ac,qpeexact,24,6,14,27,43,27,43,6,14,0.5925925925925926,3.8490764198199926e-33,2.3111159332646808e-32,43,27,6,1.0,1.0,1.0,1.0,38,26,6,0.8837209302325582,0.9629629629629629,1.0,0.9285714285714286,5,43,27,6,1.0,1.0,1.0,1.0,0,0,4,1.5202354861220297e-16,1.5202354861220297e-16,3.8490764198199926e-33,2.3111159332646808e-32,1.0,0.9629629629629629,1.0,1.0
208,canonical:208:qpeexact_indep_qiskit_7.qasm,qpeexact_indep_qiskit_7.qasm,69918df00fc2514cc1b2797389ecf2a8d6ffe3166a68d9f47ab5569ba2a83ab7,qpeexact,24,7,15,35,57,35,57,7,15,0.6285714285714286,1.2904320561312276e-32,1.910522504832137e-31,57,35,7,1.0,1.0,1.0,1.0,51,34,7,0.8947368421052632,0.9714285714285714,1.0,0.9333333333333333,6,57,35,7,1.0,1.0,1.0,1.0,0,0,7,4.370952418903844e-16,4.370952418903844e-16,1.2904320561312276e-32,1.910522504832137e-31,1.0,0.9714285714285714,1.0,1.0
209,canonical:209:qpeexact_indep_qiskit_8.qasm,qpeexact_indep_qiskit_8.qasm,5ddc5bd1303e14af6cd5290c96c732d14adfbd81a45f3a6e9647d2bc2352adba,qpeexact,24,8,22,46,77,46,77,8,22,0.6739130434782609,4.596121255133226e-32,4.381490623480956e-31,77,46,8,1.0,1.0,1.0,1.0,70,45,8,0.9090909090909091,0.9782608695652174,1.0,0.9545454545454546,7,77,46,8,1.0,1.0,1.0,1.0,0,0,15,6.61928290941017e-16,6.61928290941017e-16,4.596121255133226e-32,4.381490623480956e-31,1.0,0.9782608695652174,1.0,1.0
210,canonical:210:qpeexact_indep_qiskit_9.qasm,qpeexact_indep_qiskit_9.qasm,3d6b6bc343648451697c76968a209f25d455cb6a2ce1eaaa4fe33fad218676d0,qpeexact,24,9,23,56,95,56,95,9,23,0.6964285714285714,1.1375060622391874e-31,2.751672408043259e-30,95,56,9,1.0,1.0,1.0,1.0,87,55,9,0.9157894736842105,0.9821428571428571,1.0,0.9565217391304348,8,95,56,9,1.0,1.0,1.0,1.0,0,0,20,1.6588165685341077e-15,1.6588165685341077e-15,1.1375060622391874e-31,2.751672408043259e-30,1.0,0.9821428571428571,1.0,1.0
211,canonical:211:qpeinexact_indep_qiskit_10.qasm,qpeinexact_indep_qiskit_10.qasm,72e4dba0f6db1150b4d09586c2c24394fa0f18cc8c1b9d9bab20a06e8305f30a,qpeinexact,24,10,28,68,117,68,117,10,28,0.7205882352941176,0.03164836668002647,0.1486775447823314,37,24,10,0.3162393162393162,0.35294117647058826,1.0,0.42857142857142855,37,24,10,0.3162393162393162,0.35294117647058826,1.0,0.42857142857142855,0,37,24,10,0.3162393162393162,0.35294117647058826,1.0,0.42857142857142855,0,0,6,2.7691729644950303e-15,2.7691729644950303e-15,0.03164836668002647,0.1486775447823314,0.35294117647058826,0.35294117647058826,0.35294117647058826,0.35294117647058826
212,canonical:212:qpeinexact_indep_qiskit_11.qasm,qpeinexact_indep_qiskit_11.qasm,ce167872fc4528348e8f7e6aa16c9bc649dfd602492aa8dbb16bdd0d37ac0cf2,qpeinexact,24,11,30,76,131,76,131,11,30,0.7236842105263158,0.07082533174361615,0.2470526808693148,32,22,11,0.24427480916030533,0.2894736842105263,1.0,0.4,32,22,11,0.24427480916030533,0.2894736842105263,1.0,0.4,0,32,22,11,0.24427480916030533,0.2894736842105263,1.0,0.4,0,0,5,6.044803694340013e-15,6.044803694340013e-15,0.07082533174361615,0.2470526808693148,0.2894736842105263,0.2894736842105263,0.2894736842105263,0.2894736842105263
213,canonical:213:qpeinexact_indep_qiskit_12.qasm,qpeinexact_indep_qiskit_12.qasm,178f21003ed2bcea71fc3e341c24b54a955e7dae086b0932a04ce7c7cc997201,qpeinexact,24,12,33,89,155,89,155,12,33,0.7415730337078652,0.032202491640677525,0.1486787368847646,35,24,12,0.22580645161290322,0.2696629213483146,1.0,0.3939393939393939,35,24,12,0.22580645161290322,0.2696629213483146,1.0,0.3939393939393939,0,35,24,12,0.22580645161290322,0.2696629213483146,1.0,0.3939393939393939,0,0,6,1.1862364920016518e-14,1.1862364920016518e-14,0.032202491640677525,0.1486787368847646,0.2696629213483146,0.2696629213483146,0.2696629213483146,0.2696629213483146
214,canonical:214:qpeinexact_indep_qiskit_13.qasm,qpeinexact_indep_qiskit_13.qasm,68633f15d7313ea8e0eacd88d49c7114c840bc2dfb953e310923c5a73196b101,qpeinexact,24,13,36,103,181,103,181,13,36,0.7572815533980582,0.029296586466830497,0.1486787964894442,38,26,13,0.20994475138121546,0.2524271844660194,1.0,0.3888888888888889,37,25,13,0.20441988950276244,0.24271844660194175,1.0,0.3611111111111111,0,37,25,13,0.20441988950276244,0.24271844660194175,1.0,0.3611111111111111,1,1,6,2.3613050444428308e-14,2.3613050444428308e-14,0.029296586466830497,0.1486787964894442,0.24271844660194175,0.24271844660194175,0.2524271844660194,0.24271844660194175
215,canonical:215:qpeinexact_indep_qiskit_14.qasm,qpeinexact_indep_qiskit_14.qasm,4f40307ed1fe81c9a86d467851df890bc347751b1bd13d014dd21d83a10fdd29,qpeinexact,24,14,39,118,209,118,209,14,39,0.7711864406779662,0.028773917816792453,0.14867881139060762,41,28,14,0.19617224880382775,0.23728813559322035,1.0,0.38461538461538464,36,25,14,0.1722488038277512,0.211864406779661,1.0,0.3076923076923077,0,36,25,14,0.1722488038277512,0.211864406779661,1.0,0.3076923076923077,5,3,6,4.2663086979769004e-14,4.2663086979769004e-14,0.028773917816792453,0.14867881139060762,0.211864406779661,0.211864406779661,0.23728813559322035,0.211864406779661
216,canonical:216:qpeinexact_indep_qiskit_3.qasm,qpeinexact_indep_qiskit_3.qasm,fe350bcb1c092890a51748eb17a319c088cbc86ee9b38f0720a45a23f3f260ca,qpeinexact,24,3,7,9,13,9,13,3,7,0.4444444444444444,0.028846153846153813,0.12499999999999986,10,7,3,0.7692307692307693,0.7777777777777778,1.0,0.7142857142857143,10,7,3,0.7692307692307693,0.7777777777777778,1.0,0.7142857142857143,0,10,7,3,0.7692307692307693,0.7777777777777778,1.0,0.7142857142857143,0,0,1,9.675552938245539e-17,9.675552938245539e-17,0.028846153846153813,0.12499999999999986,0.7777777777777778,0.7777777777777778,0.7777777777777778,0.7777777777777778
217,canonical:217:qpeinexact_indep_qiskit_4.qasm,qpeinexact_indep_qiskit_4.qasm,c12b09d97c66913d859e433eb6863bec2958c3cd6f6fae6134adb7427dafe2d3,qpeinexact,24,4,10,14,21,14,21,4,10,0.5,0.04094452176452587,0.1433058261758406,13,9,4,0.6190476190476191,0.6428571428571429,1.0,0.6,13,9,4,0.6190476190476191,0.6428571428571429,1.0,0.6,0,13,9,4,0.6190476190476191,0.6428571428571429,1.0,0.6,0,0,1,1.3597399555105177e-16,1.3597399555105177e-16,0.04094452176452587,0.1433058261758406,0.6428571428571429,0.6428571428571429,0.6428571428571429,0.6428571428571429
218,canonical:218:qpeinexact_indep_qiskit_5.qasm,qpeinexact_indep_qiskit_5.qasm,87ccc9536b17c9dd82969860f5cc9d4c6bada5a6e4a7e06b355532fa36a177ca,qpeinexact,24,5,13,21,33,21,33,5,13,0.5714285714285714,0.0433012693383083,0.14736663137074887,18,12,5,0.5454545454545454,0.5714285714285714,1.0,0.5384615384615384,18,12,5,0.5454545454545454,0.5714285714285714,1.0,0.5384615384615384,0,18,12,5,0.5454545454545454,0.5714285714285714,1.0,0.5384615384615384,0,0,1,1.3597399555105177e-16,1.3597399555105177e-16,0.0433012693383083,0.14736663137074887,0.5714285714285714,0.5714285714285714,0.5714285714285714,0.5714285714285714
219,canonical:219:qpeinexact_indep_qiskit_6.qasm,qpeinexact_indep_qiskit_6.qasm,75a93ae2b9b443e946f9c160762b57ddc41892ba4ed58d9e40a9cf1c2c1b3c06,qpeinexact,24,6,16,28,45,28,45,6,16,0.6071428571428571,0.044910830789880236,0.1986833156853741,21,14,6,0.4666666666666667,0.5,1.0,0.5,21,14,6,0.4666666666666667,0.5,1.0,0.5,0,21,14,6,0.4666666666666667,0.5,1.0,0.5,0,0,2,1.7554167342883504e-16,1.7554167342883504e-16,0.044910830789880236,0.1986833156853741,0.5,0.5,0.5,0.5
220,canonical:220:qpeinexact_indep_qiskit_7.qasm,qpeinexact_indep_qiskit_7.qasm,be2710a520a244e3a1a9d15e5b2bce44a2537c5520ec23295906eb959ff5552a,qpeinexact,24,7,19,37,61,37,61,7,19,0.6486486486486487,0.037691179428548514,0.1485973969160392,26,17,7,0.4262295081967213,0.4594594594594595,1.0,0.47368421052631576,26,17,7,0.4262295081967213,0.4594594594594595,1.0,0.47368421052631576,0,26,17,7,0.4262295081967213,0.4594594594594595,1.0,0.47368421052631576,0,0,2,4.370952418903844e-16,4.370952418903844e-16,0.037691179428548514,0.1485973969160392,0.4594594594594595,0.4594594594594595,0.4594594594594595,0.4594594594594595
221,canonical:221:qpeinexact_indep_qiskit_8.qasm,qpeinexact_indep_qiskit_8.qasm,4031b846252af423e76f67c33af065e6ef9c9c1f4edae59b79941f992fec0467,qpeinexact,24,8,22,46,77,46,77,8,22,0.6739130434782609,0.03879535102121474,0.1486584688542011,29,19,8,0.37662337662337664,0.41304347826086957,1.0,0.45454545454545453,29,19,8,0.37662337662337664,0.41304347826086957,1.0,0.45454545454545453,0,29,19,8,0.37662337662337664,0.41304347826086957,1.0,0.45454545454545453,0,0,3,4.635575838501682e-16,4.635575838501682e-16,0.03879535102121474,0.1486584688542011,0.41304347826086957,0.41304347826086957,0.41304347826086957,0.41304347826086957
222,canonical:222:qpeinexact_indep_qiskit_9.qasm,qpeinexact_indep_qiskit_9.qasm,1b6ba3efe54052483dbff98143ce90e6b2a3f80596d8c4334f9d88d5e13967af,qpeinexact,24,9,25,57,97,57,97,9,25,0.7017543859649122,0.037983892542153244,0.19932923442709996,34,22,9,0.35051546391752575,0.38596491228070173,1.0,0.44,34,22,9,0.35051546391752575,0.38596491228070173,1.0,0.44,0,34,22,9,0.35051546391752575,0.38596491228070173,1.0,0.44,0,0,4,1.6588165685341077e-15,1.6588165685341077e-15,0.037983892542153244,0.19932923442709996,0.38596491228070173,0.38596491228070173,0.38596491228070173,0.38596491228070173
223,canonical:223:qwalk-noancilla_indep_qiskit_3.qasm,qwalk-noancilla_indep_qiskit_3.qasm,5ec6334e8b231c2905b2d291d723b088e0ba72149e9c0157b155a1c3bcbb98cc,qwalk-noancilla,24,3,48,67,103,67,103,3,48,0.5373134328358209,0.16019417475728148,0.25,29,26,3,0.2815533980582524,0.3880597014925373,1.0,1.0,26,23,3,0.2524271844660194,0.34328358208955223,1.0,0.9791666666666666,3,29,26,3,0.2815533980582524,0.3880597014925373,1.0,1.0,0,0,2,2.220446049250313e-16,2.220446049250313e-16,0.16019417475728148,0.25,0.3880597014925373,0.34328358208955223,0.3880597014925373,0.3880597014925373
224,canonical:224:qwalk-noancilla_indep_qiskit_4.qasm,qwalk-noancilla_indep_qiskit_4.qasm,424698e39e4fb662b0f816876508dc8f83423d9dd67938fa4b408d5888266c7f,qwalk-noancilla,24,4,193,232,352,232,352,4,193,0.5172413793103449,0.149132495305819,0.2500000000000001,86,71,4,0.24431818181818182,0.30603448275862066,1.0,1.0,85,70,4,0.24147727272727273,0.3017241379310345,1.0,0.9948186528497409,1,86,71,4,0.24431818181818182,0.30603448275862066,1.0,1.0,0,0,9,2.275304708723146e-16,2.275304708723146e-16,0.149132495305819,0.2500000000000001,0.30603448275862066,0.3017241379310345,0.30603448275862066,0.30603448275862066
225,canonical:225:qwalk-noancilla_indep_qiskit_5.qasm,qwalk-noancilla_indep_qiskit_5.qasm,1d37b4eb0a991308518c51bc0ad06f4ee4f784b8fe5a9a99cde2c0b81d71eb05,qwalk-noancilla,24,5,427,495,777,495,777,5,427,0.5696969696969697,0.1528356323715886,0.25,181,144,5,0.23294723294723294,0.2909090909090909,1.0,1.0,180,143,5,0.23166023166023167,0.28888888888888886,1.0,0.9976580796252927,1,181,144,5,0.23294723294723294,0.2909090909090909,1.0,1.0,0,0,28,6.084179410112825e-16,6.084179410112825e-16,0.1528356323715886,0.25,0.2909090909090909,0.28888888888888886,0.2909090909090909,0.2909090909090909
226,canonical:226:qwalk-noancilla_indep_qiskit_6.qasm,qwalk-noancilla_indep_qiskit_6.qasm,008512bb8c46626292bcd3e9b706058a9a0e87a2129231f8fadf9cb97948d418,qwalk-noancilla,24,6,787,873,1521,873,1521,6,787,0.7422680412371134,0.14671050394673307,0.2499999999999996,388,295,6,0.25509533201840895,0.33791523482245134,1.0,1.0,387,294,6,0.25443786982248523,0.33676975945017185,1.0,0.9987293519695044,1,388,295,6,0.25509533201840895,0.33791523482245134,1.0,1.0,0,0,83,6.73162831331097e-16,6.73162831331097e-16,0.14671050394673307,0.2499999999999996,0.33791523482245134,0.33676975945017185,0.33791523482245134,0.33791523482245134
227,canonical:227:qwalk-v-chain_indep_qiskit_3.qasm,qwalk-v-chain_indep_qiskit_3.qasm,5ec6334e8b231c2905b2d291d723b088e0ba72149e9c0157b155a1c3bcbb98cc,qwalk-v-chain,24,3,48,67,103,67,103,3,48,0.5373134328358209,0.16019417475728148,0.25,29,26,3,0.2815533980582524,0.3880597014925373,1.0,1.0,26,23,3,0.2524271844660194,0.34328358208955223,1.0,0.9791666666666666,3,29,26,3,0.2815533980582524,0.3880597014925373,1.0,1.0,0,0,2,2.220446049250313e-16,2.220446049250313e-16,0.16019417475728148,0.25,0.3880597014925373,0.34328358208955223,0.3880597014925373,0.3880597014925373
228,canonical:228:qwalk-v-chain_indep_qiskit_5.qasm,qwalk-v-chain_indep_qiskit_5.qasm,a188dde38706145c9036d430ad52a728359467ea5757e6ebe349502cbd478980,qwalk-v-chain,24,5,159,229,331,229,331,5,159,0.44541484716157204,0.1326472809667661,0.24999999999999928,106,91,5,0.3202416918429003,0.39737991266375544,1.0,1.0,104,89,5,0.31419939577039274,0.388646288209607,1.0,0.9937106918238994,2,106,91,5,0.3202416918429003,0.39737991266375544,1.0,1.0,0,0,17,4.56683257865792e-16,4.56683257865792e-16,0.1326472809667661,0.24999999999999928,0.39737991266375544,0.388646288209607,0.39737991266375544,0.39737991266375544
229,canonical:229:qwalk-v-chain_indep_qiskit_7.qasm,qwalk-v-chain_indep_qiskit_7.qasm,f7aa2f4340b5dcad05f23c1a902b32b91a16a27c58ffaad744c35d8ad9405013,qwalk-v-chain,24,7,376,499,703,499,703,7,376,0.4088176352705411,0.12202169274537351,0.249999999999998,237,203,7,0.33712660028449504,0.40681362725450904,1.0,1.0,234,200,7,0.3328591749644381,0.40080160320641284,1.0,0.9973404255319149,3,237,203,7,0.33712660028449504,0.40681362725450904,1.0,1.0,0,0,76,7.310951788357368e-16,7.310951788357368e-16,0.12202169274537351,0.249999999999998,0.40681362725450904,0.40080160320641284,0.40681362725450904,0.40681362725450904
230,canonical:230:qwalk-v-chain_indep_qiskit_9.qasm,qwalk-v-chain_indep_qiskit_9.qasm,53d25c21aa1cf69a4e774d02797c45754a770648a127e18f398117132d41c824,qwalk-v-chain,24,9,682,877,1219,877,1219,9,682,0.3899657924743444,0.11636074651352893,0.24999999999999592,419,360,9,0.34372436423297786,0.4104903078677309,1.0,1.0,415,356,9,0.34044298605414275,0.40592930444697833,1.0,0.998533724340176,4,419,360,9,0.34372436423297786,0.4104903078677309,1.0,1.0,0,0,277,1.3696834171239267e-15,1.3696834171239267e-15,0.11636074651352893,0.24999999999999592,0.4104903078677309,0.40592930444697833,0.4104903078677309,0.4104903078677309
231,canonical:231:randomcircuit_indep_qiskit_10.qasm,randomcircuit_indep_qiskit_10.qasm,c621c5c72c7cbea9deefb30cd21fa057a52ba80f9eb9c95d784e4c87f76dceed,randomcircuit,24,10,239,774,1070,774,1070,10,239,0.38242894056847543,0.0790397649409346,0.249999997507961,458,347,10,0.4280373831775701,0.4483204134366925,1.0,0.7196652719665272,458,347,10,0.4280373831775701,0.4483204134366925,1.0,0.7196652719665272,0,458,347,10,0.4280373831775701,0.4483204134366925,1.0,0.7196652719665272,0,0,271,6.735958943811874e-16,6.735958943811874e-16,0.0790397649409346,0.249999997507961,0.4483204134366925,0.4483204134366925,0.4483204134366925,0.4483204134366925
232,canonical:232:randomcircuit_indep_qiskit_11.qasm,randomcircuit_indep_qiskit_11.qasm,62f0255580a1062a6548887ff5a1ffcf57bf0c1603acc164de9ca9ac1faddbe2,randomcircuit,24,11,285,918,1289,918,1289,11,285,0.40413943355119825,0.15789069722189752,0.24999999999999645,281,221,11,0.21799844840961985,0.24074074074074073,1.0,0.5473684210526316,281,221,11,0.21799844840961985,0.24074074074074073,1.0,0.5473684210526316,0,281,221,11,0.21799844840961985,0.24074074074074073,1.0,0.5473684210526316,0,0,146,1.4969686899412322e-15,1.4969686899412322e-15,0.15789069722189752,0.24999999999999645,0.24074074074074073,0.24074074074074073,0.24074074074074073,0.24074074074074073
233,canonical:233:randomcircuit_indep_qiskit_12.qasm,randomcircuit_indep_qiskit_12.qasm,0c06f2cf13cfe693882f74bfef8a53244e48a61b6cc3ee8f38d4187b9f856b50,randomcircuit,24,12,318,1111,1548,1111,1548,12,318,0.3933393339333933,0.13170147713903246,0.24999999999999403,561,426,12,0.3624031007751938,0.38343834383438347,1.0,0.5849056603773585,561,426,12,0.3624031007751938,0.38343834383438347,1.0,0.5849056603773585,0,561,426,12,0.3624031007751938,0.38343834383438347,1.0,0.5849056603773585,0,0,353,1.012666785161327e-15,1.012666785161327e-15,0.13170147713903246,0.24999999999999403,0.38343834383438347,0.38343834383438347,0.38343834383438347,0.38343834383438347
234,canonical:234:randomcircuit_indep_qiskit_13.qasm,randomcircuit_indep_qiskit_13.qasm,30b73f0cce86257c65f0a04a70da7583b5ce80244dc14954ea041519ec912e9d,randomcircuit,24,13,315,1348,1874,1348,1874,13,315,0.39020771513353114,0.11655314915820647,0.24999999999999686,704,543,13,0.37566702241195304,0.40281899109792285,1.0,0.6857142857142857,422,261,13,0.22518676627534684,0.19362017804154302,1.0,0.6793650793650794,0,422,261,13,0.22518676627534684,0.19362017804154302,1.0,0.6793650793650794,282,282,185,6.286705793296266e-15,6.286705793296266e-15,0.11655314915820647,0.24999999999999686,0.19362017804154302,0.19362017804154302,0.40281899109792285,0.19362017804154302
235,canonical:235:randomcircuit_indep_qiskit_14.qasm,randomcircuit_indep_qiskit_14.qasm,d49a63df2da5b3a8c252292141e38425a799381760356d8b36589038e97e208f,randomcircuit,24,14,361,1614,2242,1614,2242,14,361,0.38909541511771994,0.12389299543887955,0.2499999999999956,742,560,14,0.33095450490633366,0.3469640644361834,1.0,0.6952908587257618,176,127,14,0.07850133809099019,0.07868649318463444,1.0,0.08587257617728532,0,176,127,14,0.07850133809099019,0.07868649318463444,1.0,0.08587257617728532,566,433,53,3.163298309922088e-15,3.163298309922088e-15,0.12389299543887955,0.2499999999999956,0.07868649318463444,0.07868649318463444,0.3469640644361834,0.07868649318463444
236,canonical:236:randomcircuit_indep_qiskit_3.qasm,randomcircuit_indep_qiskit_3.qasm,c3effbbc98ecf10a20b92ae44680e75bc2ff5bf7ee3a7d1dd622adf6c818cd82,randomcircuit,24,3,40,55,76,55,76,3,40,0.38181818181818183,0.05921052631578925,0.2499999999999992,58,44,3,0.7631578947368421,0.8,1.0,1.0,55,42,3,0.7236842105263158,0.7636363636363637,1.0,0.95,3,58,44,3,0.7631578947368421,0.8,1.0,1.0,0,0,3,1.5763157440055103e-16,1.5763157440055103e-16,0.05921052631578925,0.2499999999999992,0.8,0.7636363636363637,0.8,0.8
237,canonical:237:randomcircuit_indep_qiskit_4.qasm,randomcircuit_indep_qiskit_4.qasm,d55d265481cee9eb4b7a07869f91b97b13b30ed44e20986c525c5322d3b4f453,randomcircuit,24,4,83,116,163,116,163,4,83,0.4051724137931034,0.009299474961496405,0.20164495475297767,151,109,4,0.9263803680981595,0.9396551724137931,1.0,1.0,149,108,4,0.9141104294478528,0.9310344827586207,1.0,0.9879518072289156,2,151,109,4,0.9263803680981595,0.9396551724137931,1.0,1.0,0,0,13,2.450619033137889e-16,2.450619033137889e-16,0.009299474961496405,0.20164495475297767,0.9396551724137931,0.9310344827586207,0.9396551724137931,0.9396551724137931
238,canonical:238:randomcircuit_indep_qiskit_5.qasm,randomcircuit_indep_qiskit_5.qasm,219dbc1b9a8e75b18e1a4dfae4b908c6d592c7ea1e025a6c42d5abae6cb6d067,randomcircuit,24,5,73,121,172,121,172,5,73,0.4214876033057851,0.039093071374411,0.24999999999999722,128,93,5,0.7441860465116279,0.768595041322314,1.0,0.9726027397260274,126,91,5,0.7325581395348837,0.7520661157024794,1.0,0.958904109589041,2,128,93,5,0.7441860465116279,0.768595041322314,1.0,0.9726027397260274,0,0,15,2.2574881226409163e-16,2.2574881226409163e-16,0.039093071374411,0.24999999999999722,0.768595041322314,0.7520661157024794,0.768595041322314,0.768595041322314
239,canonical:239:randomcircuit_indep_qiskit_6.qasm,randomcircuit_indep_qiskit_6.qasm,a7df3107fcb0a801e70f72f4dd3d8918eb5aa5bdf1d5c158d8e45dd1651412c6,randomcircuit,24,6,120,218,303,218,303,6,120,0.38990825688073394,0.06260313531353001,0.249999999999996,214,158,6,0.7062706270627063,0.7247706422018348,1.0,0.9166666666666666,214,158,6,0.7062706270627063,0.7247706422018348,1.0,0.9166666666666666,0,214,158,6,0.7062706270627063,0.7247706422018348,1.0,0.9166666666666666,0,0,36,3.073491026377561e-16,3.073491026377561e-16,0.06260313531353001,0.249999999999996,0.7247706422018348,0.7247706422018348,0.7247706422018348,0.7247706422018348
240,canonical:240:randomcircuit_indep_qiskit_7.qasm,randomcircuit_indep_qiskit_7.qasm,d0eb9f67bbe6e901a6b491003153ab5943fd2de5d4a15cd041471c984c4b0f8a,randomcircuit,24,7,173,356,496,356,496,7,173,0.39325842696629215,0.09257037544417619,0.24999999999999817,239,192,7,0.48185483870967744,0.5393258426966292,1.0,0.9595375722543352,238,191,7,0.4798387096774194,0.5365168539325843,1.0,0.953757225433526,1,239,192,7,0.48185483870967744,0.5393258426966292,1.0,0.9595375722543352,0,0,53,3.7978887845129724e-16,3.7978887845129724e-16,0.09257037544417619,0.24999999999999817,0.5393258426966292,0.5365168539325843,0.5393258426966292,0.5393258426966292
241,canonical:241:randomcircuit_indep_qiskit_8.qasm,randomcircuit_indep_qiskit_8.qasm,f5112a8f74e4566978831ed8d9ed92625c700458e8fdf11d161dc993dc26c297,randomcircuit,24,8,207,468,665,468,665,8,207,0.42094017094017094,0.06156657949084194,0.2499998773289125,438,319,8,0.6586466165413534,0.6816239316239316,1.0,0.961352657004831,436,317,8,0.6556390977443609,0.6773504273504274,1.0,0.9420289855072463,2,438,319,8,0.6586466165413534,0.6816239316239316,1.0,0.961352657004831,0,0,134,4.862402377754185e-16,4.862402377754185e-16,0.06156657949084194,0.2499998773289125,0.6816239316239316,0.6773504273504274,0.6816239316239316,0.6816239316239316
242,canonical:242:randomcircuit_indep_qiskit_9.qasm,randomcircuit_indep_qiskit_9.qasm,63193874b08573e482e461f4662b44705be45e52383fd3f14eb38bd5408d3c00,randomcircuit,24,9,226,598,834,598,834,9,226,0.39464882943143814,0.07576039811783004,0.24999999999999412,462,344,9,0.5539568345323741,0.5752508361204013,1.0,0.7964601769911505,462,344,9,0.5539568345323741,0.5752508361204013,1.0,0.7964601769911505,0,462,344,9,0.5539568345323741,0.5752508361204013,1.0,0.7964601769911505,0,0,170,6.70492959763863e-16,6.70492959763863e-16,0.07576039811783004,0.24999999999999412,0.5752508361204013,0.5752508361204013,0.5752508361204013,0.5752508361204013
243,canonical:243:random_indep_qiskit_3.qasm,random_indep_qiskit_3.qasm,61248873a8c536c015fb59ecc873befd6893642e9bc36b46839b8fe73c493763,random,24,3,17,25,38,25,38,3,17,0.52,0.08803399412037767,0.25,6,6,3,0.15789473684210525,0.24,1.0,0.7058823529411765,6,6,3,0.15789473684210525,0.24,1.0,0.7058823529411765,0,6,6,3,0.15789473684210525,0.24,1.0,0.7058823529411765,0,0,1,1.8236334996683e-16,1.8236334996683e-16,0.08803399412037767,0.25,0.24,0.24,0.24,0.24
244,canonical:244:realamprandom_indep_qiskit_10.qasm,realamprandom_indep_qiskit_10.qasm,5a890a37e964841da1b29959664bbc47f9c7782029973b88661f4c6f9e167a6e,realamprandom,24,10,41,175,310,175,310,10,41,0.7714285714285715,0.18302109525132199,0.2499932857065788,10,10,10,0.03225806451612903,0.05714285714285714,1.0,0.024390243902439025,10,10,10,0.03225806451612903,0.05714285714285714,1.0,0.024390243902439025,0,10,10,10,0.03225806451612903,0.05714285714285714,1.0,0.024390243902439025,0,0,1,3.6128275040391347e-16,3.6128275040391347e-16,0.18302109525132199,0.2499932857065788,0.05714285714285714,0.05714285714285714,0.05714285714285714,0.05714285714285714
245,canonical:245:realamprandom_indep_qiskit_3.qasm,realamprandom_indep_qiskit_3.qasm,175c7ae56c897d2da6d42b7930f0a94fb98dc6ae3243b7656afbb71790402d40,realamprandom,24,3,13,21,30,21,30,3,13,0.42857142857142855,0.1782588950628246,0.24981459914350532,3,3,3,0.1,0.14285714285714285,1.0,0.07692307692307693,3,3,3,0.1,0.14285714285714285,1.0,0.07692307692307693,0,3,3,3,0.1,0.14285714285714285,1.0,0.07692307692307693,0,0,1,2.8285721514326617e-18,2.8285721514326617e-18,0.1782588950628246,0.24981459914350532,0.14285714285714285,0.14285714285714285,0.14285714285714285,0.14285714285714285
246,canonical:246:realamprandom_indep_qiskit_4.qasm,realamprandom_indep_qiskit_4.qasm,da5b5ceece9afd4c4f4c8b57871a7e5ea66ea974824a75c593246bdef19dd62f,realamprandom,24,4,17,34,52,34,52,4,17,0.5294117647058824,0.17773263257768457,0.24917241470207888,4,4,4,0.07692307692307693,0.11764705882352941,1.0,0.058823529411764705,4,4,4,0.07692307692307693,0.11764705882352941,1.0,0.058823529411764705,0,4,4,4,0.07692307692307693,0.11764705882352941,1.0,0.058823529411764705,0,0,1,5.553121602426421e-17,5.553121602426421e-17,0.17773263257768457,0.24917241470207888,0.11764705882352941,0.11764705882352941,0.11764705882352941,0.11764705882352941
247,canonical:247:realamprandom_indep_qiskit_5.qasm,realamprandom_indep_qiskit_5.qasm,4bed0dc0898d46f470e46c2499334d2dfbec01c816a3a6c8a7c53549eca5a693,realamprandom,24,5,21,50,80,50,80,5,21,0.6,0.1758501927138889,0.2499717081025236,5,5,5,0.0625,0.1,1.0,0.047619047619047616,5,5,5,0.0625,0.1,1.0,0.047619047619047616,0,5,5,5,0.0625,0.1,1.0,0.047619047619047616,0,0,1,5.553121602426421e-17,5.553121602426421e-17,0.1758501927138889,0.2499717081025236,0.1,0.1,0.1,0.1
248,canonical:248:realamprandom_indep_qiskit_6.qasm,realamprandom_indep_qiskit_6.qasm,84533c02b2c920cc9e7e535aebf649232ad1ef8dd6612b604ea06b338b86a7ff,realamprandom,24,6,25,69,114,69,114,6,25,0.6521739130434783,0.1643341613114669,0.2499722551412245,6,6,6,0.05263157894736842,0.08695652173913043,1.0,0.04,6,6,6,0.05263157894736842,0.08695652173913043,1.0,0.04,0,6,6,6,0.05263157894736842,0.08695652173913043,1.0,0.04,0,0,1,8.874512501114086e-17,8.874512501114086e-17,0.1643341613114669,0.2499722551412245,0.08695652173913043,0.08695652173913043,0.08695652173913043,0.08695652173913043
249,canonical:249:realamprandom_indep_qiskit_7.qasm,realamprandom_indep_qiskit_7.qasm,1907b8c9650ae0dc26f23a5bfcda89d20cc6b051437d95d690a43a5a142df871,realamprandom,24,7,29,91,154,91,154,7,29,0.6923076923076923,0.14581210014660578,0.24997445950190952,7,7,7,0.045454545454545456,0.07692307692307693,1.0,0.034482758620689655,7,7,7,0.045454545454545456,0.07692307692307693,1.0,0.034482758620689655,0,7,7,7,0.045454545454545456,0.07692307692307693,1.0,0.034482758620689655,0,0,1,2.554895909069473e-16,2.554895909069473e-16,0.14581210014660578,0.24997445950190952,0.07692307692307693,0.07692307692307693,0.07692307692307693,0.07692307692307693
250,canonical:250:realamprandom_indep_qiskit_8.qasm,realamprandom_indep_qiskit_8.qasm,da99cc69d70d61fe602ec84b719b4a8dc5429452530f41f38086eca8ef1d41c0,realamprandom,24,8,33,116,200,116,200,8,33,0.7241379310344828,0.1652133266031856,0.24998103460199597,8,8,8,0.04,0.06896551724137931,1.0,0.030303030303030304,8,8,8,0.04,0.06896551724137931,1.0,0.030303030303030304,0,8,8,8,0.04,0.06896551724137931,1.0,0.030303030303030304,0,0,1,3.6128275040391347e-16,3.6128275040391347e-16,0.1652133266031856,0.24998103460199597,0.06896551724137931,0.06896551724137931,0.06896551724137931,0.06896551724137931
251,canonical:251:realamprandom_indep_qiskit_9.qasm,realamprandom_indep_qiskit_9.qasm,bb5287048e83f3df03e6246f85e351d37286831cfb4f2b78f4f8ee5042e68fb0,realamprandom,24,9,37,144,252,144,252,9,37,0.75,0.17286226440659694,0.24999761206345306,9,9,9,0.03571428571428571,0.0625,1.0,0.02702702702702703,9,9,9,0.03571428571428571,0.0625,1.0,0.02702702702702703,0,9,9,9,0.03571428571428571,0.0625,1.0,0.02702702702702703,0,0,1,3.6128275040391347e-16,3.6128275040391347e-16,0.17286226440659694,0.24999761206345306,0.0625,0.0625,0.0625,0.0625
252,canonical:252:rg_qft_multiplier_indep_qiskit_12.qasm,rg_qft_multiplier_indep_qiskit_12.qasm,f27c29227f4c67b5bca57111ffafe1272b8bbf74b3cbb448e39da10c165cb627,rg_qft_multiplier,24,12,410,582,882,582,882,12,410,0.5154639175257731,4.7609052492285553e-32,2.541747511252719e-31,882,582,12,1.0,1.0,1.0,1.0,870,578,12,0.9863945578231292,0.993127147766323,1.0,0.9975609756097561,12,882,582,12,1.0,1.0,1.0,1.0,0,0,541,5.041574665967688e-16,5.041574665967688e-16,4.7609052492285553e-32,2.541747511252719e-31,1.0,0.993127147766323,1.0,1.0
253,canonical:253:rg_qft_multiplier_indep_qiskit_4.qasm,rg_qft_multiplier_indep_qiskit_4.qasm,8bf00f5eb08436eaead704a95c132b9ff62611832d9dd3d6915c4130d729f83e,rg_qft_multiplier,24,4,22,26,38,26,38,4,22,0.46153846153846156,4.16788968719105e-34,6.5481618109166e-33,38,26,4,1.0,1.0,1.0,1.0,34,24,4,0.8947368421052632,0.9230769230769231,1.0,0.9545454545454546,4,38,26,4,1.0,1.0,1.0,1.0,0,0,3,8.092071311423674e-17,8.092071311423674e-17,4.16788968719105e-34,6.5481618109166e-33,1.0,0.9230769230769231,1.0,1.0
254,canonical:254:rg_qft_multiplier_indep_qiskit_8.qasm,rg_qft_multiplier_indep_qiskit_8.qasm,ed465883f92dd9e2362fb8c10cc91757793af7d515091c67d61adbf9a89bf531,rg_qft_multiplier,24,8,126,180,272,180,272,8,126,0.5111111111111111,1.0052160615348396e-32,6.220753720370772e-32,272,180,8,1.0,1.0,1.0,1.0,264,177,8,0.9705882352941176,0.9833333333333333,1.0,0.9920634920634921,8,272,180,8,1.0,1.0,1.0,1.0,0,0,66,2.4941438852581815e-16,2.4941438852581815e-16,1.0052160615348396e-32,6.220753720370772e-32,1.0,0.9833333333333333,1.0,1.0
255,canonical:255:routing_indep_qiskit_6.qasm,routing_indep_qiskit_6.qasm,a086b765f59d795629599fffc82cb84e9fc564e5d6b33ef8f765db4576e797e5,routing,24,6,13,39,54,39,54,6,13,0.38461538461538464,0.019109047668127092,0.16126843486251655,6,6,6,0.1111111111111111,0.15384615384615385,1.0,0.07692307692307693,6,6,6,0.1111111111111111,0.15384615384615385,1.0,0.07692307692307693,0,6,6,6,0.1111111111111111,0.15384615384615385,1.0,0.07692307692307693,0,0,1,1.6422073974742454e-16,1.6422073974742454e-16,0.019109047668127092,0.16126843486251655,0.15384615384615385,0.15384615384615385,0.15384615384615385,0.15384615384615385
256,canonical:256:su2random_indep_qiskit_10.qasm,su2random_indep_qiskit_10.qasm,6685df60bb50d16d9faf40f75a11ec9fc9568acc9e53f06f59188bef94ae098c,su2random,24,10,41,175,310,175,310,10,41,0.7714285714285715,0.204065654933477,0.24999487168686502,10,10,10,0.03225806451612903,0.05714285714285714,1.0,0.024390243902439025,10,10,10,0.03225806451612903,0.05714285714285714,1.0,0.024390243902439025,0,10,10,10,0.03225806451612903,0.05714285714285714,1.0,0.024390243902439025,0,0,1,3.322420911966524e-16,3.322420911966524e-16,0.204065654933477,0.24999487168686502,0.05714285714285714,0.05714285714285714,0.05714285714285714,0.05714285714285714
257,canonical:257:su2random_indep_qiskit_3.qasm,su2random_indep_qiskit_3.qasm,b15fd23351eec3cf3c232c68286b96bb816b760592e50a5deb0adf3aaa627651,su2random,24,3,13,21,30,21,30,3,13,0.42857142857142855,0.1573292327149775,0.24754866132891726,3,3,3,0.1,0.14285714285714285,1.0,0.07692307692307693,3,3,3,0.1,0.14285714285714285,1.0,0.07692307692307693,0,3,3,3,0.1,0.14285714285714285,1.0,0.07692307692307693,0,0,1,4.5268202184449965e-17,4.5268202184449965e-17,0.1573292327149775,0.24754866132891726,0.14285714285714285,0.14285714285714285,0.14285714285714285,0.14285714285714285
258,canonical:258:su2random_indep_qiskit_4.qasm,su2random_indep_qiskit_4.qasm,be65cbcf60707b0ff37524cd3177acc11faf643bf24a3094e1c54c6391bcb7f8,su2random,24,4,17,34,52,34,52,4,17,0.5294117647058824,0.16098373848106912,0.24561569471555564,4,4,4,0.07692307692307693,0.11764705882352941,1.0,0.058823529411764705,4,4,4,0.07692307692307693,0.11764705882352941,1.0,0.058823529411764705,0,4,4,4,0.07692307692307693,0.11764705882352941,1.0,0.058823529411764705,0,0,1,1.1954000499499196e-16,1.1954000499499196e-16,0.16098373848106912,0.24561569471555564,0.11764705882352941,0.11764705882352941,0.11764705882352941,0.11764705882352941
259,canonical:259:su2random_indep_qiskit_5.qasm,su2random_indep_qiskit_5.qasm,b81b1efcd4d6b2bc65fb3c9e3f60b18776d16f2b5e711b5d16c98644b1ab898a,su2random,24,5,21,50,80,50,80,5,21,0.6,0.19101324844728165,0.24999970811770153,5,5,5,0.0625,0.1,1.0,0.047619047619047616,5,5,5,0.0625,0.1,1.0,0.047619047619047616,0,5,5,5,0.0625,0.1,1.0,0.047619047619047616,0,0,1,4.5433596239919e-17,4.5433596239919e-17,0.19101324844728165,0.24999970811770153,0.1,0.1,0.1,0.1
260,canonical:260:su2random_indep_qiskit_6.qasm,su2random_indep_qiskit_6.qasm,a12ae235e1ad11c9ff3af670ecfe8d90e4419eb9c1e59393fea61b443003a42f,su2random,24,6,25,69,114,69,114,6,25,0.6521739130434783,0.17902169506487026,0.24999830744849122,6,6,6,0.05263157894736842,0.08695652173913043,1.0,0.04,6,6,6,0.05263157894736842,0.08695652173913043,1.0,0.04,0,6,6,6,0.05263157894736842,0.08695652173913043,1.0,0.04,0,0,1,2.4193586747685926e-16,2.4193586747685926e-16,0.17902169506487026,0.24999830744849122,0.08695652173913043,0.08695652173913043,0.08695652173913043,0.08695652173913043
261,canonical:261:su2random_indep_qiskit_7.qasm,su2random_indep_qiskit_7.qasm,614250124e6029cbafd4e4424a03145f1d950ee318665edee5dfa1a6ceadd610,su2random,24,7,29,91,154,91,154,7,29,0.6923076923076923,0.17985453921123898,0.24998587738697903,7,7,7,0.045454545454545456,0.07692307692307693,1.0,0.034482758620689655,7,7,7,0.045454545454545456,0.07692307692307693,1.0,0.034482758620689655,0,7,7,7,0.045454545454545456,0.07692307692307693,1.0,0.034482758620689655,0,0,1,3.5635874756714056e-16,3.5635874756714056e-16,0.17985453921123898,0.24998587738697903,0.07692307692307693,0.07692307692307693,0.07692307692307693,0.07692307692307693
262,canonical:262:su2random_indep_qiskit_8.qasm,su2random_indep_qiskit_8.qasm,d5cf6b57a1101e39bb97db7424fb1eba7c5a16709bf70f200fdc9584ae945994,su2random,24,8,33,116,200,116,200,8,33,0.7241379310344828,0.19436611599705977,0.2499921628165895,8,8,8,0.04,0.06896551724137931,1.0,0.030303030303030304,8,8,8,0.04,0.06896551724137931,1.0,0.030303030303030304,0,8,8,8,0.04,0.06896551724137931,1.0,0.030303030303030304,0,0,1,1.6823075567643391e-16,1.6823075567643391e-16,0.19436611599705977,0.2499921628165895,0.06896551724137931,0.06896551724137931,0.06896551724137931,0.06896551724137931
263,canonical:263:su2random_indep_qiskit_9.qasm,su2random_indep_qiskit_9.qasm,a87f0c2bf995df28b5bfa6102d563e5bebd78906bf46e77e105d77d9707c115e,su2random,24,9,37,144,252,144,252,9,37,0.75,0.20260778943012603,0.249999479438409,9,9,9,0.03571428571428571,0.0625,1.0,0.02702702702702703,9,9,9,0.03571428571428571,0.0625,1.0,0.02702702702702703,0,9,9,9,0.03571428571428571,0.0625,1.0,0.02702702702702703,0,0,1,2.1378875369261083e-16,2.1378875369261083e-16,0.20260778943012603,0.249999479438409,0.0625,0.0625,0.0625,0.0625
264,canonical:264:tsp_indep_qiskit_4.qasm,tsp_indep_qiskit_4.qasm,048f3c4740a0070945947b1227d1dd525ede5a75c3e22e9c3a5ba9f267e07a73,tsp,24,4,17,39,54,39,54,4,17,0.38461538461538464,0.07084777261135718,0.19192024852824233,4,4,4,0.07407407407407407,0.10256410256410256,1.0,0.058823529411764705,4,4,4,0.07407407407407407,0.10256410256410256,1.0,0.058823529411764705,0,4,4,4,0.07407407407407407,0.10256410256410256,1.0,0.058823529411764705,0,0,1,4.1075731318696126e-17,4.1075731318696126e-17,0.07084777261135718,0.19192024852824233,0.10256410256410256,0.10256410256410256,0.10256410256410256,0.10256410256410256
265,canonical:265:tsp_indep_qiskit_9.qasm,tsp_indep_qiskit_9.qasm,d1ad98a7fcd72adb012fa653256fc40372f701d1247ad3d673080004ffd4bcd6,tsp,24,9,22,94,134,94,134,9,22,0.425531914893617,0.14928251647505902,0.24713597018103967,9,9,9,0.06716417910447761,0.09574468085106383,1.0,0.045454545454545456,9,9,9,0.06716417910447761,0.09574468085106383,1.0,0.045454545454545456,0,9,9,9,0.06716417910447761,0.09574468085106383,1.0,0.045454545454545456,0,0,1,2.843326683995547e-16,2.843326683995547e-16,0.14928251647505902,0.24713597018103967,0.09574468085106383,0.09574468085106383,0.09574468085106383,0.09574468085106383
266,canonical:266:twolocalrandom_indep_qiskit_10.qasm,twolocalrandom_indep_qiskit_10.qasm,5a890a37e964841da1b29959664bbc47f9c7782029973b88661f4c6f9e167a6e,twolocalrandom,24,10,41,175,310,175,310,10,41,0.7714285714285715,0.18302109525132199,0.2499932857065788,10,10,10,0.03225806451612903,0.05714285714285714,1.0,0.024390243902439025,10,10,10,0.03225806451612903,0.05714285714285714,1.0,0.024390243902439025,0,10,10,10,0.03225806451612903,0.05714285714285714,1.0,0.024390243902439025,0,0,1,3.6128275040391347e-16,3.6128275040391347e-16,0.18302109525132199,0.2499932857065788,0.05714285714285714,0.05714285714285714,0.05714285714285714,0.05714285714285714
267,canonical:267:twolocalrandom_indep_qiskit_3.qasm,twolocalrandom_indep_qiskit_3.qasm,175c7ae56c897d2da6d42b7930f0a94fb98dc6ae3243b7656afbb71790402d40,twolocalrandom,24,3,13,21,30,21,30,3,13,0.42857142857142855,0.1782588950628246,0.24981459914350532,3,3,3,0.1,0.14285714285714285,1.0,0.07692307692307693,3,3,3,0.1,0.14285714285714285,1.0,0.07692307692307693,0,3,3,3,0.1,0.14285714285714285,1.0,0.07692307692307693,0,0,1,2.8285721514326617e-18,2.8285721514326617e-18,0.1782588950628246,0.24981459914350532,0.14285714285714285,0.14285714285714285,0.14285714285714285,0.14285714285714285
268,canonical:268:twolocalrandom_indep_qiskit_4.qasm,twolocalrandom_indep_qiskit_4.qasm,da5b5ceece9afd4c4f4c8b57871a7e5ea66ea974824a75c593246bdef19dd62f,twolocalrandom,24,4,17,34,52,34,52,4,17,0.5294117647058824,0.17773263257768457,0.24917241470207888,4,4,4,0.07692307692307693,0.11764705882352941,1.0,0.058823529411764705,4,4,4,0.07692307692307693,0.11764705882352941,1.0,0.058823529411764705,0,4,4,4,0.07692307692307693,0.11764705882352941,1.0,0.058823529411764705,0,0,1,5.553121602426421e-17,5.553121602426421e-17,0.17773263257768457,0.24917241470207888,0.11764705882352941,0.11764705882352941,0.11764705882352941,0.11764705882352941
269,canonical:269:twolocalrandom_indep_qiskit_5.qasm,twolocalrandom_indep_qiskit_5.qasm,4bed0dc0898d46f470e46c2499334d2dfbec01c816a3a6c8a7c53549eca5a693,twolocalrandom,24,5,21,50,80,50,80,5,21,0.6,0.1758501927138889,0.2499717081025236,5,5,5,0.0625,0.1,1.0,0.047619047619047616,5,5,5,0.0625,0.1,1.0,0.047619047619047616,0,5,5,5,0.0625,0.1,1.0,0.047619047619047616,0,0,1,5.553121602426421e-17,5.553121602426421e-17,0.1758501927138889,0.2499717081025236,0.1,0.1,0.1,0.1
270,canonical:270:twolocalrandom_indep_qiskit_6.qasm,twolocalrandom_indep_qiskit_6.qasm,84533c02b2c920cc9e7e535aebf649232ad1ef8dd6612b604ea06b338b86a7ff,twolocalrandom,24,6,25,69,114,69,114,6,25,0.6521739130434783,0.1643341613114669,0.2499722551412245,6,6,6,0.05263157894736842,0.08695652173913043,1.0,0.04,6,6,6,0.05263157894736842,0.08695652173913043,1.0,0.04,0,6,6,6,0.05263157894736842,0.08695652173913043,1.0,0.04,0,0,1,8.874512501114086e-17,8.874512501114086e-17,0.1643341613114669,0.2499722551412245,0.08695652173913043,0.08695652173913043,0.08695652173913043,0.08695652173913043
271,canonical:271:twolocalrandom_indep_qiskit_7.qasm,twolocalrandom_indep_qiskit_7.qasm,1907b8c9650ae0dc26f23a5bfcda89d20cc6b051437d95d690a43a5a142df871,twolocalrandom,24,7,29,91,154,91,154,7,29,0.6923076923076923,0.14581210014660578,0.24997445950190952,7,7,7,0.045454545454545456,0.07692307692307693,1.0,0.034482758620689655,7,7,7,0.045454545454545456,0.07692307692307693,1.0,0.034482758620689655,0,7,7,7,0.045454545454545456,0.07692307692307693,1.0,0.034482758620689655,0,0,1,2.554895909069473e-16,2.554895909069473e-16,0.14581210014660578,0.24997445950190952,0.07692307692307693,0.07692307692307693,0.07692307692307693,0.07692307692307693
272,canonical:272:twolocalrandom_indep_qiskit_8.qasm,twolocalrandom_indep_qiskit_8.qasm,da99cc69d70d61fe602ec84b719b4a8dc5429452530f41f38086eca8ef1d41c0,twolocalrandom,24,8,33,116,200,116,200,8,33,0.7241379310344828,0.1652133266031856,0.24998103460199597,8,8,8,0.04,0.06896551724137931,1.0,0.030303030303030304,8,8,8,0.04,0.06896551724137931,1.0,0.030303030303030304,0,8,8,8,0.04,0.06896551724137931,1.0,0.030303030303030304,0,0,1,3.6128275040391347e-16,3.6128275040391347e-16,0.1652133266031856,0.24998103460199597,0.06896551724137931,0.06896551724137931,0.06896551724137931,0.06896551724137931
273,canonical:273:twolocalrandom_indep_qiskit_9.qasm,twolocalrandom_indep_qiskit_9.qasm,bb5287048e83f3df03e6246f85e351d37286831cfb4f2b78f4f8ee5042e68fb0,twolocalrandom,24,9,37,144,252,144,252,9,37,0.75,0.17286226440659694,0.24999761206345306,9,9,9,0.03571428571428571,0.0625,1.0,0.02702702702702703,9,9,9,0.03571428571428571,0.0625,1.0,0.02702702702702703,0,9,9,9,0.03571428571428571,0.0625,1.0,0.02702702702702703,0,0,1,3.6128275040391347e-16,3.6128275040391347e-16,0.17286226440659694,0.24999761206345306,0.0625,0.0625,0.0625,0.0625
274,canonical:274:vbe_ripple_carry_adder_indep_qiskit_10.qasm,vbe_ripple_carry_adder_indep_qiskit_10.qasm,31740a794df573dc830b7bd0f7da673d27cd4c16417d476c8bfb237932bec508,vbe_ripple_carry_adder,24,10,87,162,234,162,234,10,87,0.4444444444444444,2.78576530868797e-32,1.3805696476292183e-31,234,162,10,1.0,1.0,1.0,1.0,224,158,10,0.9572649572649573,0.9753086419753086,1.0,0.9885057471264368,10,234,162,10,1.0,1.0,1.0,1.0,0,0,77,3.715601765029755e-16,3.715601765029755e-16,2.78576530868797e-32,1.3805696476292183e-31,1.0,0.9753086419753086,1.0,1.0
275,canonical:275:vbe_ripple_carry_adder_indep_qiskit_13.qasm,vbe_ripple_carry_adder_indep_qiskit_13.qasm,a2c3fa26bb698ce23b017e005049128caf15b44f22d9d2ba3173efbf26439648,vbe_ripple_carry_adder,24,13,118,226,326,226,326,13,118,0.4424778761061947,3.2502013299901784e-32,1.619665588032357e-31,326,226,13,1.0,1.0,1.0,1.0,249,157,13,0.7638036809815951,0.6946902654867256,1.0,0.9830508474576272,13,262,169,13,0.803680981595092,0.7477876106194691,1.0,1.0,64,64,73,4.024506911451843e-16,4.024506911451843e-16,3.2502013299901784e-32,1.619665588032357e-31,0.7477876106194691,0.6946902654867256,1.0,0.7477876106194691
276,canonical:276:vbe_ripple_carry_adder_indep_qiskit_4.qasm,vbe_ripple_carry_adder_indep_qiskit_4.qasm,2da124b6280f13349e1634b5451ccb9da5a0dc30893f67b0e15739d454adbabc,vbe_ripple_carry_adder,24,4,25,34,50,34,50,4,25,0.47058823529411764,0.0,0.0,50,34,4,1.0,1.0,1.0,1.0,46,32,4,0.92,0.9411764705882353,1.0,0.96,4,50,34,4,1.0,1.0,1.0,1.0,0,0,3,0.0,0.0,0.0,0.0,1.0,0.9411764705882353,1.0,1.0
277,canonical:277:vbe_ripple_carry_adder_indep_qiskit_7.qasm,vbe_ripple_carry_adder_indep_qiskit_7.qasm,e50ea2a3616677c108b058e56fc721450c27ff903da6c0effbd65153aeae1bec,vbe_ripple_carry_adder,24,7,56,98,142,98,142,7,56,0.4489795918367347,2.3671412558223115e-32,1.1404073878008976e-31,142,98,7,1.0,1.0,1.0,1.0,135,95,7,0.9507042253521126,0.9693877551020408,1.0,0.9821428571428571,7,142,98,7,1.0,1.0,1.0,1.0,0,0,20,3.376991838605626e-16,3.376991838605626e-16,2.3671412558223115e-32,1.1404073878008976e-31,1.0,0.9693877551020408,1.0,1.0
278,canonical:278:vqe_indep_qiskit_10.qasm,vqe_indep_qiskit_10.qasm,7dceaeccc99a77044bf66cd5270888f8c66247c5c221a772ca80b54e893288bd,vqe,24,10,14,48,66,48,66,10,14,0.375,0.10019773945537834,0.24999999757829106,10,10,10,0.15151515151515152,0.20833333333333334,1.0,0.07142857142857142,10,10,10,0.15151515151515152,0.20833333333333334,1.0,0.07142857142857142,0,10,10,10,0.15151515151515152,0.20833333333333334,1.0,0.07142857142857142,0,0,1,9.188552016160514e-17,9.188552016160514e-17,0.10019773945537834,0.24999999757829106,0.20833333333333334,0.20833333333333334,0.20833333333333334,0.20833333333333334
279,canonical:279:vqe_indep_qiskit_3.qasm,vqe_indep_qiskit_3.qasm,df7712dda5023a525311a999c589163adccfd00b837eea015a04d1e7c7d97cfb,vqe,24,3,7,13,17,13,17,3,7,0.3076923076923077,0.08829409365820466,0.164730240266776,3,3,3,0.17647058823529413,0.23076923076923078,1.0,0.14285714285714285,3,3,3,0.17647058823529413,0.23076923076923078,1.0,0.14285714285714285,0,3,3,3,0.17647058823529413,0.23076923076923078,1.0,0.14285714285714285,0,0,1,3.4625189568677553e-18,3.4625189568677553e-18,0.08829409365820466,0.164730240266776,0.23076923076923078,0.23076923076923078,0.23076923076923078,0.23076923076923078
280,canonical:280:vqe_indep_qiskit_4.qasm,vqe_indep_qiskit_4.qasm,78635304f2eec1cfeb1953ca0b710a8ff51eb3dbe60994484dc5d6e5d21306b4,vqe,24,4,8,18,24,18,24,4,8,0.3333333333333333,0.0627888956609567,0.15128085633459107,4,4,4,0.16666666666666666,0.2222222222222222,1.0,0.125,4,4,4,0.16666666666666666,0.2222222222222222,1.0,0.125,0,4,4,4,0.16666666666666666,0.2222222222222222,1.0,0.125,0,0,1,8.982100794070899e-17,8.982100794070899e-17,0.0627888956609567,0.15128085633459107,0.2222222222222222,0.2222222222222222,0.2222222222222222,0.2222222222222222
281,canonical:281:vqe_indep_qiskit_5.qasm,vqe_indep_qiskit_5.qasm,d91b800f78dc539e61577f8ee044b07ccca0a3471b585c788240a43f8492d727,vqe,24,5,9,23,31,23,31,5,9,0.34782608695652173,0.044657817693411934,0.13537507412565172,5,5,5,0.16129032258064516,0.21739130434782608,1.0,0.1111111111111111,5,5,5,0.16129032258064516,0.21739130434782608,1.0,0.1111111111111111,0,5,5,5,0.16129032258064516,0.21739130434782608,1.0,0.1111111111111111,0,0,1,4.4640152746501586e-17,4.4640152746501586e-17,0.044657817693411934,0.13537507412565172,0.21739130434782608,0.21739130434782608,0.21739130434782608,0.21739130434782608
282,canonical:282:vqe_indep_qiskit_6.qasm,vqe_indep_qiskit_6.qasm,4f65a3762dc3a9925fd9879c78b4ede233247e9ea83c8c841c752ca45173425f,vqe,24,6,10,28,38,28,38,6,10,0.35714285714285715,0.057329205198546715,0.24999994783577778,6,6,6,0.15789473684210525,0.21428571428571427,1.0,0.1,6,6,6,0.15789473684210525,0.21428571428571427,1.0,0.1,0,6,6,6,0.15789473684210525,0.21428571428571427,1.0,0.1,0,0,1,9.91838114861073e-17,9.91838114861073e-17,0.057329205198546715,0.24999994783577778,0.21428571428571427,0.21428571428571427,0.21428571428571427,0.21428571428571427
283,canonical:283:vqe_indep_qiskit_7.qasm,vqe_indep_qiskit_7.qasm,4beb48b0ac35532a5ec8fbea6bdf7fe8b6e20180979664ab2279df9fe029b91b,vqe,24,7,11,33,45,33,45,7,11,0.36363636363636365,0.04582747878793255,0.24456727142427967,7,7,7,0.15555555555555556,0.21212121212121213,1.0,0.09090909090909091,7,7,7,0.15555555555555556,0.21212121212121213,1.0,0.09090909090909091,0,7,7,7,0.15555555555555556,0.21212121212121213,1.0,0.09090909090909091,0,0,1,2.6108617500019053e-16,2.6108617500019053e-16,0.04582747878793255,0.24456727142427967,0.21212121212121213,0.21212121212121213,0.21212121212121213,0.21212121212121213
284,canonical:284:vqe_indep_qiskit_8.qasm,vqe_indep_qiskit_8.qasm,4f2aeb5a000d39a2ee8edb1519edff08810a6bfd83d720ce229ad7329cf28f21,vqe,24,8,12,38,52,38,52,8,12,0.3684210526315789,0.06209823575541744,0.24999999548903706,9,9,8,0.17307692307692307,0.23684210526315788,1.0,0.5833333333333334,9,9,8,0.17307692307692307,0.23684210526315788,1.0,0.5833333333333334,0,9,9,8,0.17307692307692307,0.23684210526315788,1.0,0.5833333333333334,0,0,1,1.5972329265695882e-16,1.5972329265695882e-16,0.06209823575541744,0.24999999548903706,0.23684210526315788,0.23684210526315788,0.23684210526315788,0.23684210526315788
285,canonical:285:vqe_indep_qiskit_9.qasm,vqe_indep_qiskit_9.qasm,01d7b256289ed095b790453ae61e7e0e863cf6e031c9e1c9bd4545f5ce3cd86e,vqe,24,9,13,43,59,43,59,9,13,0.37209302325581395,0.10759901914489876,0.24999997838028581,10,10,9,0.1694915254237288,0.23255813953488372,1.0,0.38461538461538464,10,10,9,0.1694915254237288,0.23255813953488372,1.0,0.38461538461538464,0,10,10,9,0.1694915254237288,0.23255813953488372,1.0,0.38461538461538464,0,0,1,1.2101468781864194e-16,1.2101468781864194e-16,0.10759901914489876,0.24999997838028581,0.23255813953488372,0.23255813953488372,0.23255813953488372,0.23255813953488372
286,canonical:286:vqe_real_amp_indep_qiskit_11.qasm,vqe_real_amp_indep_qiskit_11.qasm,f3d53c9ee26041f09f7d3128470ea4da19568edeb6be5ad683461c5506bf403c,vqe_real_amp,24,11,18,74,104,74,104,11,18,0.40540540540540543,0.15584872762097124,0.24988702103188826,11,11,11,0.10576923076923077,0.14864864864864866,1.0,0.05555555555555555,11,11,11,0.10576923076923077,0.14864864864864866,1.0,0.05555555555555555,0,11,11,11,0.10576923076923077,0.14864864864864866,1.0,0.05555555555555555,0,0,1,5.828804869448698e-16,5.828804869448698e-16,0.15584872762097124,0.24988702103188826,0.14864864864864866,0.14864864864864866,0.14864864864864866,0.14864864864864866
287,canonical:287:vqe_real_amp_indep_qiskit_12.qasm,vqe_real_amp_indep_qiskit_12.qasm,23d8cb5d450cff182470c039aaa233d0ce25fdcc453f3ce29e766e90a146c30c,vqe_real_amp,24,12,19,81,114,81,114,12,19,0.4074074074074074,0.14986646101925727,0.24942981799547553,12,12,12,0.10526315789473684,0.14814814814814814,1.0,0.05263157894736842,12,12,12,0.10526315789473684,0.14814814814814814,1.0,0.05263157894736842,0,12,12,12,0.10526315789473684,0.14814814814814814,1.0,0.05263157894736842,0,0,1,1.4830421500974395e-15,1.4830421500974395e-15,0.14986646101925727,0.24942981799547553,0.14814814814814814,0.14814814814814814,0.14814814814814814,0.14814814814814814
288,canonical:288:vqe_real_amp_indep_qiskit_13.qasm,vqe_real_amp_indep_qiskit_13.qasm,e03c8aa8875077334aaa390cdabdd66a1b97924d15f0ff8e8424991e0762970f,vqe_real_amp,24,13,20,88,124,88,124,13,20,0.4090909090909091,0.1731380654628132,0.2492769693284575,13,13,13,0.10483870967741936,0.14772727272727273,1.0,0.05,13,13,13,0.10483870967741936,0.14772727272727273,1.0,0.05,0,13,13,13,0.10483870967741936,0.14772727272727273,1.0,0.05,0,0,1,1.4830421500974395e-15,1.4830421500974395e-15,0.1731380654628132,0.2492769693284575,0.14772727272727273,0.14772727272727273,0.14772727272727273,0.14772727272727273
289,canonical:289:vqe_real_amp_indep_qiskit_14.qasm,vqe_real_amp_indep_qiskit_14.qasm,6fff0599a35f23e79165203962486daf07739a4a8c59eba089cd67eb3685fcfd,vqe_real_amp,24,14,21,95,134,95,134,14,21,0.4105263157894737,0.16817000580291624,0.24995921326789194,14,14,14,0.1044776119402985,0.14736842105263157,1.0,0.047619047619047616,14,14,14,0.1044776119402985,0.14736842105263157,1.0,0.047619047619047616,0,14,14,14,0.1044776119402985,0.14736842105263157,1.0,0.047619047619047616,0,0,1,1.4830421500974395e-15,1.4830421500974395e-15,0.16817000580291624,0.24995921326789194,0.14736842105263157,0.14736842105263157,0.14736842105263157,0.14736842105263157
290,canonical:290:vqe_su2_indep_qiskit_11.qasm,vqe_su2_indep_qiskit_11.qasm,bcd621d9ae612e4f21c230a8af6a8913863ee1f45c7c079e1633b33cc4a0fe6b,vqe_su2,24,11,18,74,104,74,104,11,18,0.40540540540540543,0.17677790080010725,0.24969541063304945,11,11,11,0.10576923076923077,0.14864864864864866,1.0,0.05555555555555555,11,11,11,0.10576923076923077,0.14864864864864866,1.0,0.05555555555555555,0,11,11,11,0.10576923076923077,0.14864864864864866,1.0,0.05555555555555555,0,0,1,1.0100691940327045e-15,1.0100691940327045e-15,0.17677790080010725,0.24969541063304945,0.14864864864864866,0.14864864864864866,0.14864864864864866,0.14864864864864866
291,canonical:291:vqe_su2_indep_qiskit_12.qasm,vqe_su2_indep_qiskit_12.qasm,e8c257647b08c1014ce664250331124b1dd4b848db521d5a206126616f9f3d9b,vqe_su2,24,12,19,81,114,81,114,12,19,0.4074074074074074,0.17092943239442807,0.24994938229268338,12,12,12,0.10526315789473684,0.14814814814814814,1.0,0.05263157894736842,12,12,12,0.10526315789473684,0.14814814814814814,1.0,0.05263157894736842,0,12,12,12,0.10526315789473684,0.14814814814814814,1.0,0.05263157894736842,0,0,1,2.7853763735724277e-16,2.7853763735724277e-16,0.17092943239442807,0.24994938229268338,0.14814814814814814,0.14814814814814814,0.14814814814814814,0.14814814814814814
292,canonical:292:vqe_su2_indep_qiskit_13.qasm,vqe_su2_indep_qiskit_13.qasm,eae081950d6c994c1d12a37a3a787f2aa457f304bd4b17d239f509fea429211f,vqe_su2,24,13,20,88,124,88,124,13,20,0.4090909090909091,0.17853523595476123,0.2499662096414422,13,13,13,0.10483870967741936,0.14772727272727273,1.0,0.05,13,13,13,0.10483870967741936,0.14772727272727273,1.0,0.05,0,13,13,13,0.10483870967741936,0.14772727272727273,1.0,0.05,0,0,1,6.735096684051315e-16,6.735096684051315e-16,0.17853523595476123,0.2499662096414422,0.14772727272727273,0.14772727272727273,0.14772727272727273,0.14772727272727273
293,canonical:293:vqe_su2_indep_qiskit_14.qasm,vqe_su2_indep_qiskit_14.qasm,a9840a42dda8e1d5c1e4c0cdec2fcea32e921969875f54db8ee46aa07dbfa44e,vqe_su2,24,14,21,95,134,95,134,14,21,0.4105263157894737,0.18100466758746708,0.2499996711257349,14,14,14,0.1044776119402985,0.14736842105263157,1.0,0.047619047619047616,14,14,14,0.1044776119402985,0.14736842105263157,1.0,0.047619047619047616,0,14,14,14,0.1044776119402985,0.14736842105263157,1.0,0.047619047619047616,0,0,1,1.0101739123554299e-15,1.0101739123554299e-15,0.18100466758746708,0.2499996711257349,0.14736842105263157,0.14736842105263157,0.14736842105263157,0.14736842105263157
294,canonical:294:vqe_two_local_indep_qiskit_11.qasm,vqe_two_local_indep_qiskit_11.qasm,604006caa0dabcf0d1b5ad677f9c5ab2660672397554eab7bc96b2cb2b160ee5,vqe_two_local,24,11,45,209,374,209,374,11,45,0.7894736842105263,0.15745408227450064,0.24926984126686796,11,11,11,0.029411764705882353,0.05263157894736842,1.0,0.022222222222222223,11,11,11,0.029411764705882353,0.05263157894736842,1.0,0.022222222222222223,0,11,11,11,0.029411764705882353,0.05263157894736842,1.0,0.022222222222222223,0,0,1,6.517604745871012e-16,6.517604745871012e-16,0.15745408227450064,0.24926984126686796,0.05263157894736842,0.05263157894736842,0.05263157894736842,0.05263157894736842
295,canonical:295:vqe_two_local_indep_qiskit_12.qasm,vqe_two_local_indep_qiskit_12.qasm,0f6b5eaae9483e08fa1c9bc9a3591a4122710bc6f5e330dacdd7c5f318cdc804,vqe_two_local,24,12,49,246,444,246,444,12,49,0.8048780487804879,0.14347907520659087,0.2496028398545128,12,12,12,0.02702702702702703,0.04878048780487805,1.0,0.02040816326530612,12,12,12,0.02702702702702703,0.04878048780487805,1.0,0.02040816326530612,0,12,12,12,0.02702702702702703,0.04878048780487805,1.0,0.02040816326530612,0,0,1,9.42584753649948e-16,9.42584753649948e-16,0.14347907520659087,0.2496028398545128,0.04878048780487805,0.04878048780487805,0.04878048780487805,0.04878048780487805
296,canonical:296:vqe_two_local_indep_qiskit_13.qasm,vqe_two_local_indep_qiskit_13.qasm,fddfa48d7e01b7509083473aa9b510770df7743f75ba0237cd17697264c8a34b,vqe_two_local,24,13,53,286,520,286,520,13,53,0.8181818181818182,0.1650057586478065,0.24980818842865482,13,13,13,0.025,0.045454545454545456,1.0,0.018867924528301886,13,13,13,0.025,0.045454545454545456,1.0,0.018867924528301886,0,13,13,13,0.025,0.045454545454545456,1.0,0.018867924528301886,0,0,1,9.42584753649948e-16,9.42584753649948e-16,0.1650057586478065,0.24980818842865482,0.045454545454545456,0.045454545454545456,0.045454545454545456,0.045454545454545456
297,canonical:297:vqe_two_local_indep_qiskit_14.qasm,vqe_two_local_indep_qiskit_14.qasm,dcf50ac75313e2f92f3ae8e8aea5f9e9d7eb493876cb41853438b26977ac555f,vqe_two_local,24,14,57,329,602,329,602,14,57,0.8297872340425532,0.168946827064502,0.2499703464698687,14,14,14,0.023255813953488372,0.0425531914893617,1.0,0.017543859649122806,14,14,14,0.023255813953488372,0.0425531914893617,1.0,0.017543859649122806,0,14,14,14,0.023255813953488372,0.0425531914893617,1.0,0.017543859649122806,0,0,1,3.488915162252537e-15,3.488915162252537e-15,0.168946827064502,0.2499703464698687,0.0425531914893617,0.0425531914893617,0.0425531914893617,0.0425531914893617
298,canonical:298:wstate_indep_qiskit_10.qasm,wstate_indep_qiskit_10.qasm,bf851922a78f92a953f96bd33c9ea731f1d9206e66f852b1d84382df95bf9685,wstate,24,10,20,37,55,37,55,10,20,0.4864864864864865,0.11527272727272737,0.2500000000000003,13,12,10,0.23636363636363636,0.32432432432432434,1.0,0.15,13,12,10,0.23636363636363636,0.32432432432432434,1.0,0.15,0,13,12,10,0.23636363636363636,0.32432432432432434,1.0,0.15,0,0,1,4.568524176039878e-16,4.568524176039878e-16,0.11527272727272737,0.2500000000000003,0.32432432432432434,0.32432432432432434,0.32432432432432434,0.32432432432432434
299,canonical:299:wstate_indep_qiskit_11.qasm,wstate_indep_qiskit_11.qasm,35f1b9abe5f375b78f12814dde4681de8cb2a217e0053d893e4b88ebc0a2cead,wstate,24,11,22,41,61,41,61,11,22,0.4878048780487805,0.11529603034819147,0.2479338842975211,14,13,11,0.22950819672131148,0.3170731707317073,1.0,0.13636363636363635,14,13,11,0.22950819672131148,0.3170731707317073,1.0,0.13636363636363635,0,14,13,11,0.22950819672131148,0.3170731707317073,1.0,0.13636363636363635,0,0,1,1.6155685669771373e-15,1.6155685669771373e-15,0.11529603034819147,0.2479338842975211,0.3170731707317073,0.3170731707317073,0.3170731707317073,0.3170731707317073
300,canonical:300:wstate_indep_qiskit_12.qasm,wstate_indep_qiskit_12.qasm,0cefb14411583870e34ca16617524228fc2524d40a9737750e8f24ee2c348b36,wstate,24,12,24,45,67,45,67,12,24,0.4888888888888889,0.11525704809286912,0.2500000000000003,15,14,12,0.22388059701492538,0.3111111111111111,1.0,0.125,15,14,12,0.22388059701492538,0.3111111111111111,1.0,0.125,0,15,14,12,0.22388059701492538,0.3111111111111111,1.0,0.125,0,0,1,6.201993021305729e-16,6.201993021305729e-16,0.11525704809286912,0.2500000000000003,0.3111111111111111,0.3111111111111111,0.3111111111111111,0.3111111111111111
301,canonical:301:wstate_indep_qiskit_13.qasm,wstate_indep_qiskit_13.qasm,654fbb71c2241d8a981fd93a0822048fae2f38c88e5e7d34f3f98d51c5b80d78,wstate,24,13,26,49,73,49,73,13,26,0.4897959183673469,0.11518197292696777,0.24852071005917195,16,15,13,0.2191780821917808,0.30612244897959184,1.0,0.11538461538461539,16,15,13,0.2191780821917808,0.30612244897959184,1.0,0.11538461538461539,0,16,15,13,0.2191780821917808,0.30612244897959184,1.0,0.11538461538461539,0,0,1,1.0637670172459545e-15,1.0637670172459545e-15,0.11518197292696777,0.24852071005917195,0.30612244897959184,0.30612244897959184,0.30612244897959184,0.30612244897959184
302,canonical:302:wstate_indep_qiskit_14.qasm,wstate_indep_qiskit_14.qasm,a0a7d63975832ddd0e6a17c3fdd6614599b8893622d0b1e5235a29d841fa7eab,wstate,24,14,28,53,79,53,79,14,28,0.49056603773584906,0.11508654094549231,0.2500000000000003,17,16,14,0.21518987341772153,0.3018867924528302,1.0,0.10714285714285714,17,16,14,0.21518987341772153,0.3018867924528302,1.0,0.10714285714285714,0,17,16,14,0.21518987341772153,0.3018867924528302,1.0,0.10714285714285714,0,0,1,1.2952998805283416e-15,1.2952998805283416e-15,0.11508654094549231,0.2500000000000003,0.3018867924528302,0.3018867924528302,0.3018867924528302,0.3018867924528302
303,canonical:303:wstate_indep_qiskit_3.qasm,wstate_indep_qiskit_3.qasm,3cda18408781208847a339c9164efc194208644bb066bb42666e89cd126d9714,wstate,24,3,6,9,13,9,13,3,6,0.4444444444444444,0.09401709401709403,0.22222222222222224,6,5,3,0.46153846153846156,0.5555555555555556,1.0,0.5,6,5,3,0.46153846153846156,0.5555555555555556,1.0,0.5,0,6,5,3,0.46153846153846156,0.5555555555555556,1.0,0.5,0,0,1,1.6024689053196363e-16,1.6024689053196363e-16,0.09401709401709403,0.22222222222222224,0.5555555555555556,0.5555555555555556,0.5555555555555556,0.5555555555555556
304,canonical:304:wstate_indep_qiskit_4.qasm,wstate_indep_qiskit_4.qasm,bef71a7b2aea9d8de88709b98a8f50392170465f40a030403b247eb15aa44de0,wstate,24,4,8,13,19,13,19,4,8,0.46153846153846156,0.10526315789473684,0.2499999999999999,7,6,4,0.3684210526315789,0.46153846153846156,1.0,0.375,7,6,4,0.3684210526315789,0.46153846153846156,1.0,0.375,0,7,6,4,0.3684210526315789,0.46153846153846156,1.0,0.375,0,0,1,6.206335383118183e-17,6.206335383118183e-17,0.10526315789473684,0.2499999999999999,0.46153846153846156,0.46153846153846156,0.46153846153846156,0.46153846153846156
305,canonical:305:wstate_indep_qiskit_5.qasm,wstate_indep_qiskit_5.qasm,5dd232230975433b1920114204d9bce4c6bbee904a2e989af6bbbd4cab165246,wstate,24,5,10,17,25,17,25,5,10,0.47058823529411764,0.11040000000000007,0.2400000000000002,8,7,5,0.32,0.4117647058823529,1.0,0.3,8,7,5,0.32,0.4117647058823529,1.0,0.3,0,8,7,5,0.32,0.4117647058823529,1.0,0.3,0,0,1,1.783515774930722e-16,1.783515774930722e-16,0.11040000000000007,0.2400000000000002,0.4117647058823529,0.4117647058823529,0.4117647058823529,0.4117647058823529
306,canonical:306:wstate_indep_qiskit_6.qasm,wstate_indep_qiskit_6.qasm,8580ff5e8fc8bff51389e64490f167d793f83b93d15c3b113aa7ad2c3a47c0aa,wstate,24,6,12,21,31,21,31,6,12,0.47619047619047616,0.11290322580645161,0.25,9,8,6,0.2903225806451613,0.38095238095238093,1.0,0.25,9,8,6,0.2903225806451613,0.38095238095238093,1.0,0.25,0,9,8,6,0.2903225806451613,0.38095238095238093,1.0,0.25,0,0,1,1.3918068255511944e-16,1.3918068255511944e-16,0.11290322580645161,0.25,0.38095238095238093,0.38095238095238093,0.38095238095238093,0.38095238095238093
307,canonical:307:wstate_indep_qiskit_7.qasm,wstate_indep_qiskit_7.qasm,e18bc65fa2d88f4c1234138ad22ee2693af9806752e7dacc83289ac5fe1c89e8,wstate,24,7,14,25,37,25,37,7,14,0.48,0.11417539988968561,0.24489795918367346,10,9,7,0.2702702702702703,0.36,1.0,0.21428571428571427,10,9,7,0.2702702702702703,0.36,1.0,0.21428571428571427,0,10,9,7,0.2702702702702703,0.36,1.0,0.21428571428571427,0,0,1,1.3918068255511944e-16,1.3918068255511944e-16,0.11417539988968561,0.24489795918367346,0.36,0.36,0.36,0.36
308,canonical:308:wstate_indep_qiskit_8.qasm,wstate_indep_qiskit_8.qasm,a699a5bd2809ca406ba7c77e06b5eaa66773e8340dd511cb76a06e17d1cb04d8,wstate,24,8,16,29,43,29,43,8,16,0.4827586206896552,0.11482558139534883,0.25,11,10,8,0.2558139534883721,0.3448275862068966,1.0,0.1875,11,10,8,0.2558139534883721,0.3448275862068966,1.0,0.1875,0,11,10,8,0.2558139534883721,0.3448275862068966,1.0,0.1875,0,0,1,3.785220449420879e-16,3.785220449420879e-16,0.11482558139534883,0.25,0.3448275862068966,0.3448275862068966,0.3448275862068966,0.3448275862068966
309,canonical:309:wstate_indep_qiskit_9.qasm,wstate_indep_qiskit_9.qasm,69594157442e4f880bf771d7ef76455a739a63322d5642faf5358c77d95b00be,wstate,24,9,18,33,49,33,49,9,18,0.48484848484848486,0.11514235323759142,0.2469135802469138,12,11,9,0.24489795918367346,0.3333333333333333,1.0,0.16666666666666666,12,11,9,0.24489795918367346,0.3333333333333333,1.0,0.16666666666666666,0,12,11,9,0.24489795918367346,0.3333333333333333,1.0,0.16666666666666666,0,0,1,4.568524176039878e-16,4.568524176039878e-16,0.11514235323759142,0.2469135802469138,0.3333333333333333,0.3333333333333333,0.3333333333333333,0.3333333333333333
